"Crew ID","Crew Name","Custom Crew Number","Custom Crew Name",
"1026673","MAA-RAMSDEN","","",
"1026676","MAA-BELL-SYER","","",
"1026798","klok","","",
"1026819","NST-SILVESTER","","",
"1026820","GLB-NORIEL","","",
"1026827","Mackworth-Praed","","",
"1026828","MHD-FRICKER","","",
"1026829","MHD-STOCKDALE","","",
"1026859","Reynolds","","",
"1026862","TTR-DODD","","",
"1026863","MHD-STEEL","","",
"1026874","tone","","",
"1026881","Terry","","",
"1026883","Wilkinson Feller","","",
"1026884","GLB-HILL","","",
"1026885","Carlton","","",
"1026886","GLB-ASKIN","","",
"1026889","TUN-HALLETT","","",
"1026910","TRC-HARRIS","","",
"1026956","PTR-DISERENS-S","","",
"1026964","MAR-GALBRAITH","","",
"1026966","AKN-MEARING-SMITH","","",
"1026969","CAB-PLUNKETT","","",
"1026979","MAR-LANDERS","","",
"1026980","HEN-MEHERS","","",
"1026984","TRC-MCCONNELL","","",
"1026986","TRC-HOIER","","",
"1026987","TRC-RYAN","","",
"1026988","TRC-LEE","","",
"1026990","NWK-PRICE","","",
"1026997","LDR-KIRKWOOD","","",
"1027002","LEA-SNAITH","","",
"1027007","ETX-MILNE","","",
"1027008","ETX-LEN","","",
"1027009","ETX-FULTON","","",
"1027010","ETX-SIMPSON","","",
"1027012","TSS-RAWLINS","","",
"1027016","QBC-HARRISON","","",
"1027017","QBC-BISHOP","","",
"1027018","QBC-AQUILINA","","",
"1027021","QBC-BISHOP","","",
"1027023","BEB-MORRIS","","",
"1027024","BEB-MORRIS J","","",
"1027041","WYC-PAYNE","","",
"1027048","MED-BLAIR","","",
"1027053","BEB-MAUNSELL","","",
"1027054","Stephen Lockwood","","",
"1027055","TKC-KEANE","","",
"1027057","MON-BUTLER","","",
"1027065","TSS-POTTER","","",
"1027080","TSS-WAGSTAFF","","",
"1027081","TSS-REISER","","",
"1027082","TSS-NORGATE","","",
"1027083","BBL-POWELL","","",
"1027084","BBL-BALDWIN","","",
"1027099","Matt Farley","","",
"1027101","J Farrell","","",
"1027135","HEN-HILLYARD","","",
"1027138","Ferlez","","",
"1027143","CAB-ADAMS","","",
"1027155","Tim Ellis","","",
"1027156","TRC-YATES","","",
"1027157","TRC-ANDREESEN","","",
"1027158","TRC-GARNER","","",
"1027159","TRC-WATKISS","","",
"1027162","MAR-GARNETT","","",
"1027163","LER-SMITH","","",
"1027235","BIR-BYFORD","","",
"1027244","WLT-JACKSON","","",
"1027245","WLT-BISHOP","","",
"1027246","WLT-KNILL","","",
"1027247","MAR-DRISCOLL","","",
"1027248","MAR-PICKIN","","",
"1027250","TWK-FADLON","","",
"1027251","TWK-ALMOND","","",
"1027253","SPG-COWAN","","",
"1027254","SPG-DOUSE","","",
"1027255","SPG-NOADES","","",
"1027256","SPG-STUART-SMITH","","",
"1027257","SPG-STRONG","","",
"1027259","AKN-SARGENT","","",
"1027260","AKN-CANN","","",
"1027261","AKN-WALKER","","",
"1027263","MAA-DALE","","",
"1027265","QBC-O'BRIEN","","",
"1027268","QBC-BROWN","","",
"1027278","FSC-FERRIS","","",
"1027280","Wooller","","",
"1027281","QBC-ALMAND","","",
"1027283","TSS-HICKMOTT","","",
"1027284","TSS-SIXSMITH","","",
"1027287","QBC-MEANEY","","",
"1027298","GLR-RODFORD","","",
"1027313","TSS-JARMAN","","",
"1027316","RDG-PEACOCK","","",
"1027317","UTC-CARTER","","",
"1027318","MAA-POTTS","","",
"1027333","BEB-JAHNICH","","",
"1027342","WES-COWLING","","",
"1027344","WES-SWANN","","",
"1027345","WES-MIDDLETON","","",
"1027349","WES-DEETMAN","","",
"1027351","WES-BARROW","","",
"1027353","WES-CROSBIE","","",
"1027354","WES-WICKHAM","","",
"1027355","WES-STEVENSON","","",
"1027358","WES-STEVENSON-2","","",
"1027360","WES-HADAD","","",
"1027361","WES-SAWHNEY","","",
"1027362","WES-BANNISTER","","",
"1027367","TSS-JOSS","","",
"1027368","TSS-JONAS","","",
"1027369","TSS-DE ST CROIX","","",
"1027370","TSS-LEWIS","","",
"1027396","WRC-MORRIS","","",
"1027397","WRC-PARRY","","",
"1027460","TSS-LAWRENCE","","",
"1027461","TSS-GOODALL","","",
"1027462","TSS-O'KEEFFE","","",
"1027463","TSS-SUPPLE","","",
"1027464","TSS-LACK","","",
"1027465","TSS-MAVRA","","",
"1027473","EXE-SHEPHERD","","",
"1027475","MAR-PARSONS","","",
"1027488","BLD-DAVIES","","",
"1027504","MAA-GREENHALGH","","",
"1027505","MAA-CASSINI","","",
"1027515","NST-FOSTER","","",
"1027526","GLB-RICHARDS","","",
"1027527","GLB-OLAWUMI","","",
"1027528","GLB-HUGHES","","",
"1027529","GLB-WATSON-GANDY","","",
"1027530","GLB-OFFILER","","",
"1027531","GLB-RICHARDSON","","",
"1027532","GLB-KASZAS","","",
"1027533","CAB-BURFEIND","","",
"1027538","PTR-DISERENS-J","","",
"1027542","FSC-DE PAOLI","","",
"1027545","CHA-AFFLECK","","",
"1027546","CHA-MILLS","","",
"1027547","CHA-MILLAR","","",
"1027566","SHV-GASCOINE","","",
"1027573","LEA-STEVENSON","","",
"1027574","TSS-FRENCH","","",
"1027592","LEA-BAXTER","","",
"1027593","LEA-HUSSANI","","",
"1027597","ETX-WILLIAMS","","",
"1027609","PTR-BENTON","","",
"1027618","AKN-HITCHENS","","",
"1027645","PTR-ADAMS","","",
"1027646","PTR-ROSE","","",
"1027647","SPG-HUMPHRIS","","",
"1027649","PTR-PERCIVAL","","",
"1027650","TRC-PORTSMOUTH","","",
"1027659","BED-BAKER","","",
"1027660","BED-TODD","","",
"1027661","BED-DINGLEY","","",
"1027662","BED-GLASSPOOL","","",
"1027663","BED-PRATT","","",
"1027664","CAB-HENDY","","",
"1027665","CAB-SPIVEY","","",
"1027667","BBL-KUNERT","","",
"1027669","MAA-BRASS","","",
"1027670","SPS-VALT","","",
"1027671","SPS-TAYLOR","","",
"1027672","SPS-LANGSTONE-BOLT","","",
"1027673","TSS-ROBINS","","",
"1027674","CBR-DOWNEY","","",
"1027675","MAR-RICE","","",
"1027680","TSS-EISDELL","","",
"1027689","BNT-BATES","","",
"1027690","BNT-BAILEY","","",
"1027691","BNT-KOEPP","","",
"1027692","LEA-RANOCCHI","","",
"1027694","ABN-BAKER","","",
"1027695","ABN-BAKER-2","","",
"1027696","PET-PLUMB","","",
"1027697","SON-BRINKER","","",
"1027698","SON-REYNOLDS","","",
"1027699","SON-CROFORD","","",
"1027701","Michael Byrne","","",
"1027702","ETX-DONALDSON","","",
"1027715","UPT-SCRIVENER","","",
"1027723","TYN-CLACK","","",
"1027738","GLB-HUGHES","","",
"1027742","Bed-Shreeves","","",
"1027767","ETX-SUTTON","","",
"1027768","MAA-SACRE","","",
"1027769","PET-PLUMB-2","","",
"1027781","MBC-PARKER","","",
"1027782","MBC-RASPIN","","",
"1027783","MBC-BOYER","","",
"1027784","MBC-MCLELLAN","","",
"1027785","TKC-PONTES DE FREITAS","","",
"1027806","PTR-DE MARIA","","",
"1027807","PTR-DEBOIS","","",
"1027812","RDG-REEMAN","","",
"1027815","MBC-SNELLING","","",
"1027816","PHS-BUTTERWORTH","","",
"1027817","PHS-MILES","","",
"1027818","PHS-ZEDDA JAMES","","",
"1027819","PHS-MOORE","","",
"1027820","PHS-BANTICK","","",
"1027821","PHS-GRADIDGE","","",
"1027822","PHS-MAINI","","",
"1027823","PHS-HEAD","","",
"1027824","PHS-BRIDGES","","",
"1027825","PHS-WICKHA","","",
"1027826","PHS-FRANCIS","","",
"1027827","PHS-DE GROOT","","",
"1027828","PHS-THOMAS","","",
"1027849","UTC-SENIOR","","",
"1027850","TWK-KOLIMECHKOV","","",
"1027852","MAR-THOMAS","","",
"1027872","STA-ARMSTRONG","","",
"1027887","TSS-ALLOWAY","","",
"1027901","CAB-MCCREE-GREY","","",
"1027915","TSS-SWIFT","","",
"1027930","TKC-KEANE-2","","",
"1027976","UTC-SHIMMIN","","",
"1028005","CHE-OGLINA","","",
"1028006","MON-STEWART-WOODS","","",
"1028008","BEW-COLLINGRIDGE","","",
"1028009","MON-COLLING","","",
"1028010","MON-THOMAS","","",
"1028011","VRC-MEW","","",
"1028014","GRI-GARROW","","",
"1028048","TYN-LOMBARD","","",
"1028049","NOR-CONWAY","","",
"1028057","TKC-MCMILLAN","","",
"1028060","TRC-JACKSON","","",
"1028061","TRC-MORRIS","","",
"1028065","LTU-NEWTON","","",
"1028067","ABN-HALL","","",
"1028075","RDU-KNIGHT","","",
"1028099","FUL-HUI-LE MARER","","",
"1028100","TSS-FARMBROUGH","","",
"1028108","TSS-BRIDGER","","",
"1028109","Dave Dangerous","","",
"1028140","SRC-TITTERINGTON","","",
"1028151","SPS-TARCZY","","",
"1028152","SPS-PARISH","","",
"1028153","SPS-LANGSTONE-BOLT-2","","",
"1028154","SPS-GILLARD","","",
"1028155","SPS-MATTMOE","","",
"1028156","SPS-ANDREWS","","",
"1028157","SPS-BEKTAS","","",
"1028158","SPS-MATTMOE","","",
"1028166","FUL-ALLGAIER","","",
"1028167","FUL-THOMSON","","",
"1028179","CYG-PRETZLIK","","",
"1028180","CYG-PIGUET","","",
"1028181","CYG-BYRNE","","",
"1028182","CYG-SEARS","","",
"1028184","SPS-CRAIG-MCFEELY","","",
"1028185","CYG-RAE","","",
"1028186","TKC-PARNELL","","",
"1028196","CYG-PUGH","","",
"1028206","LEA-BENSON-SKAILES","","",
"1028219","DAT-STEWART","","",
"1028220","DAT-HARRIS","","",
"1028225","PBD-STEWART","","",
"1028226","PBD-WADE","","",
"1028227","PBD-EVANS","","",
"1028228","IPS-GOODCHILD","","",
"1028234","MBC-MIDDLETON","","",
"1028240","MAA-DADLANI","","",
"1028241","ABN-FERGUS","","",
"1028277","SPS-DEERING","","",
"1028278","SPS-CRAIG MCFEELY","","",
"1028279","SPS-BEECHING","","",
"1028281","SPS-SMITH","","",
"1028289","PBD-EVANS","","",
"1028294","CBR-PASCOVITCH","","",
"1028295","CBR-KELLY","","",
"1028296","CBR-WADSWORTH","","",
"1028326","LEA-CARDELLA","","",
"1028355","SPS-DOYLE","","",
"1028356","SPS-ISOLA","","",
"1028364","RDG-CONEYBEARE","","",
"1028374","SON-WHITTLE","","",
"1028416","EXE-SANDERS","","",
"1028417","EXE-JUKES","","",
"1028418","EXE-BYRNES","","",
"1028419","EXE-ROWSE","","",
"1028422","YRK-BARON","","",
"1028430","STN-COLE","","",
"1028431","VRC-WOODFINE","","",
"1028432","VRC-CANNON","","",
"1028433","VRC-LENNOX","","",
"1028440","AKN-VON KALTENBORN","","",
"1028446","MAA-GAPPER","","",
"1028449","MIN-DONNELLY","","",
"1028450","MIN-JACKSON","","",
"1028461","LRC-MEREDITH","","",
"1028462","LRC-STUART","","",
"1028463","LRC-SMITHSON","","",
"1028464","LRC-GRACE","","",
"1028465","LRC-BROOKS","","",
"1028466","TKC-NEW","","",
"1028507","LEA-RINGSHAW","","",
"1028512","MBC-TUCK","","",
"1028513","MBC-MCDONALD","","",
"1028514","MBC-HARRIS","","",
"1028515","MBC-COWLEY","","",
"1028516","WES-CROSBIE","","",
"1028517","WES-DAVISON","","",
"1028518","WES-WICKHAM","","",
"1028519","WES-WRIGHT","","",
"1028520","WES-HOLLE","","",
"1028521","WES-BAROUDEL","","",
"1028522","WES-BUDHDEO","","",
"1028523","WES-WAGSTAFF","","",
"1028529","ZPO-FRAGA","","",
"1028530","ZPO-MENDES","","",
"1028538","YRK-EDMUNDS","","",
"1028539","LEA-MEARS","","",
"1028544","Christy Job","","",
"1028549","-CLEMENTS","","",
"1028551","LRC-HALFORD","","",
"1028557","-BRAMLEY","","",
"1028559","SRC-BULLEN","","",
"1028560","SRC-MOULE","","",
"1028562","MHD-HUDSON","","",
"1028565","MAV-HUMPHRIS","","",
"1028566","MAV-HUMPHRIS-2","","",
"1028567","MAV-ROSE","","",
"1028568","MAV-PEEL","","",
"1028586","UTC-HANSON","","",
"1028591","NOR-DAVIES","","",
"1028597","Stephen Cox - Army","","",
"1028648","IMP-RIBLAHHHH","","",
"1028654","TSS-BEST","","",
"1028662","thiemann","","",
"1028676","piers copham","","",
"1028677","UTC-MARKHAM","","",
"1028679","GRF-WILKINSON","","",
"1028680","Milligan","","",
"1028681","TSS-MUMMERY","","",
"1028682","CRB-POOLEY","","",
"1028684","FSC-DE PAOLI","","",
"1028685","FSC-HELLIER","","",
"1028686","NOR-AUDINIS","","",
"1028687","NOR-BARNACLE","","",
"1028706","TSS-ANDERSON","","",
"1028708","TSS-BECKETT","","",
"1028709","TSS-BLAKE","","",
"1028710","TSS-BROWN","","",
"1028711","TSS-BRUCE","","",
"1028712","TSS-BUDENBERG","","",
"1028713","TSS-CHUNG","","",
"1028714","TSS-FIELDS","","",
"1028715","TSS-HODGSON","","",
"1028716","TSS-JENKINS","","",
"1028717","TSS-KEECH","","",
"1028718","TSS-MCORIST","","",
"1028719","TSS-OGUNYOYE","","",
"1028720","TSS-DUNLEY","","",
"1028721","TSS-RIDLER","","",
"1028722","TSS-O'REILLY","","",
"1028723","TSS-SEAMAN","","",
"1028724","TSS-TIERNEY","","",
"1028725","TSS-VAN DIGGELE","","",
"1028726","BRX-CHEALE","","",
"1028727","BRX-BIELBY","","",
"1028728","BRX-ROBINSON","","",
"1028729","BRX-HARRIS","","",
"1028730","BRX-ALEXANDER","","",
"1028731","BRX-BATEY","","",
"1028732","BRX-TAYLOR","","",
"1028733","BRX-CROOK","","",
"1028734","BRX-O'PUIRSEIL","","",
"1028735","TSS-WILKOJC","","",
"1028741","CYG-DU PARC BRAHAM","","",
"1028756","CAB-MORLEY","","",
"1028757","DUL-CRAIG","","",
"1028759","DUL-ELLISON","","",
"1028761","CUR-WEEKES","","",
"1028762","AKN-RAFFAELE","","",
"1028763","CUR-SCOTT","","",
"1028776","TRC-PRICE","","",
"1028777","TRC-PERRY","","",
"1028778","TRC-STYLES","","",
"1028780","SON-FODEN","","",
"1028786","LRC-METCALF","","",
"1028848","PTR-O'DONNELL","","",
"1028858","WAR-SIDAWAY","","",
"1028859","WAR-ROTKOP","","",
"1028862","CBR-Friedemann","","",
"1028863","ETX-JOHNSON","","",
"1028864","ETX-ARION","","",
"1028885","IPS-HORN","","",
"1028906","PBD-SLOAN","","",
"1028915","LRC-HEAP","","",
"1028916","WLT-FLOWERDEW","","",
"1028944","AKN-BURMESTER","","",
"1028948","ARD-DOMBROWE","","",
"1028949","ARD-DAVIS","","",
"1028950","ARD-GREEN","","",
"1028951","ARD-RADOSEVIC","","",
"1028952","ARD-VINCENT","","",
"1028953","ARD-BANKS","","",
"1028954","ARD-ANDREWS","","",
"1028955","CFA-GEORGE","","",
"1028956","TRC-WALLER","","",
"1028957","TRC-YOUELL","","",
"1028958","TRC-WHITTAKER","","",
"1028961","FUL-THOMAS","","",
"1028962","CBR-FULLMAN","","",
"1028964","UES-ZIMMERMAN","","",
"1028971","GLR-THORNTON","","",
"1028973","TSS-SANDERS","","",
"1028986","TSS-PRIESTLEY","","",
"1028987","MBC-BROADEST","","",
"1028996","WLT-POOLE","","",
"1029004","YRK-REZACOVA","","",
"1029005","YRK-HOMA","","",
"1029012","HOL-BOOTH","","",
"1029013","HOL-LAWTON","","",
"1029014","HOL-PRICE","","",
"1029015","HOL-CLAY","","",
"1029016","HOL-SWITHENBANK","","",
"1029017","HOL-HEYWOOD","","",
"1029018","PTR-RUSSELL","","",
"1029037","GLR-VENN","","",
"1029038","GLR-LOWE","","",
"1029047","WAD-HALL","","",
"1029048","FSC-DICKINSON","","",
"1029050","ABN-ASHTON","","",
"1029057","TKC-MARSDEN","","",
"1029081","SHP-NEWTON","","",
"1029082","SHP-BROWN","","",
"1029083","BUR-BARRETT","","",
"1029095","TSS-SANDERS","","",
"1029102","LEA-MUGGLETON","","",
"1029107","MHD-RICHARDS","","",
"1029113","TSS-WHITE","","",
"1029114","Hickling","","",
"1029123","UES-ZULFIKARPASIC","","",
"1029124","UES-CHARALAMBOUS","","",
"1029125","TSS-WALTERS","","",
"1029128","MBC-BELLAMY","","",
"1029145","FUL-ORECCHIA","","",
"1029146","FUL-OGGER","","",
"1029150","PBD Humprey","","",
"1029153","SGC-FLOWERDEW","","",
"1029154","TSS-STUTTERS","","",
"1029155","WLT-STENNING","","",
"1029156","UTRC Hope D","","",
"1029157","WAR-GILES","","",
"1029158","WAR-GARNER","","",
"1029175","UBR-TIJSSEN","","",
"1029180","WRC-PICKLES","","",
"1029181","WRC-WILSON","","",
"1029182","WRC-BOWYER","","",
"1029185","WRC-LEWIS","","",
"1029189","DAT-SKINNER","","",
"1029190","PTR-SHEPHERD","","",
"1029191","PTR-CARBOO","","",
"1029192","PTR-MORTIMER","","",
"1029193","PTR-STOYEL","","",
"1029197","CYG-HARRIES","","",
"1029198","RDH-GHATTAS","","",
"1029201","MAA-PUGH","","",
"1029203","M.Matt","","",
"1029204","QBC-BOYD","","",
"1029205","SHP-HOLBROUGH","","",
"1029248","TSS-EARNSHAW","","",
"1029251","ARD-WARREN","","",
"1029259","ARC-WARREN","","",
"1029288","WOO-SCHÄFER","","",
"1029289","WOO-SCHLEGEL","","",
"1029290","TSS-WATTS","","",
"1029297","MAV-PHILLIPS","","",
"1029299","WBK-GALLAGHER","","",
"1029300","WBK-GALLAGHER-2","","",
"1029301","WBK-EGGEMAN","","",
"1029308","GTM-BROLIH","","",
"1029309","TSS-NEWTON","","",
"1029418","SHP-ASH","","",
"1029475","Akos Forczek","","",
"1029486","KCS-WINCHESTER","","",
"1029509","CTW-DAWS","","",
"1029510","HSB-NIDAI","","",
"1029531","BTC-GREEN","","",
"1029553","VRC-LALIBERTE","","",
"1029580","TSS-PRIMMER","","",
"1029583","WBK-LUKES","","",
"1029587","SPG-PACE","","",
"1029597","QBC-PEEL","","",
"1029598","QBC-BOYD","","",
"1029614","VRC-CHAPMAN","","",
"1029619","TSS-BOND","","",
"1029621","TSS-NORGATE","","",
"1029623","TSS-OLIVER","","",
"1029624","TSS-O'NEILL","","",
"1029628","MBC-SHIRLEY","","",
"1029630","MAA-ENGELSMAN","","",
"1029631","MAR-ALLARD","","",
"1029634","KCA-EDGAR,","","",
"1029635","WRC-DUFF","","",
"1029636","WRC-PANAGOULIA","","",
"1029638","MBC-WATKINS","","",
"1029640","MBC-RALLEY","","",
"1029641","BAE-WOODS","","",
"1029642","BAE-POULSON","","",
"1029643","CSH-SCHOFIELD","","",
"1029644","WLT-POOLE-2","","",
"1029651","QBC-EWING","","",
"1029652","ROB-GRAF","","",
"1029653","MAV-MACMAHON","","",
"1029654","MAV-PARSLER","","",
"1029655","BRX-SCORAH","","",
"1029656","BRX-HODGES","","",
"1029657","VRC-LARKIN","","",
"1029658","AGE-DOOLEY","","",
"1029670","EXE-WOOD","","",
"1029672","MBC-CROSS","","",
"1029674","WBK-Thomas","","",
"1029675","CAB-BOUKHATMI","","",
"1029676","CAB-COLLINS","","",
"1029677","CSH-TURNBULL","","",
"1029678","CSH-TAPLEY","","",
"1029681","Diego","","",
"1029685","ROB-ADAMS","","",
"1029686","PTR-BOILEAU","","",
"1029687","LEA-FUTORYANOVA","","",
"1029690","CFC-MARSHALL","","",
"1029691","OXB-HUME","","",
"1029692","VRC-WOOD-2","","",
"1029693","VRC-MCKELLAR","","",
"1029694","VRC-HALSTED","","",
"1029695","VRC-MAYNARD","","",
"1029696","MAV-FRIAR","","",
"1029699","MED-MITCHELHILL","","",
"1029703","MAV-MILEHAM","","",
"1029704","WAD-HOUGHTON","","",
"1029705","WLT-Adey","","",
"1029706","TSS-TOFTS","","",
"1029707","PTR-CARTER","","",
"1029708","PTR-BOWDEN","","",
"1029709","PTR-GOWAN","","",
"1029710","FUL-PRADERA ANLLO","","",
"1029711","TWK McCarter","","",
"1029712","CFU-BANNISTER","","",
"1029714","VRC-MCGOVERN","","",
"1029716","VRC-GALAVOTTI","","",
"1029722","LRC-COLE","","",
"1029726","TSS-TALBOTT","","",
"1029727","VRC-TURNER","","",
"1029728","VRC-ADAMS","","",
"1029729","LRC-GOLDING","","",
"1029730","IMP-GAY","","",
"1029731","IMP-SMITH","","",
"1029732","IMP-FRASER","","",
"1029733","IMP-HINES","","",
"1029734","IMP-BENTLEY","","",
"1029735","IMP-HEATON","","",
"1029736","IMP-WOODS","","",
"1029737","HEN-REID","","",
"1029738","HEN-JACOB","","",
"1029739","HEN-HARSANT","","",
"1029740","HEN-MAYTUM","","",
"1029741","HEN-RASEK","","",
"1029742","HEN-ADMIRAAL","","",
"1029747","IMP-KINNIER WILSON","","",
"1029748","IMP-KAHOL DE JONG","","",
"1029750","GHP-CARTWRIGHT","","",
"1029751","NRC-STOCKTON","","",
"1029752","NRC-RYMELL","","",
"1029753","NRC-HUGHES","","",
"1029754","NRC-KINGSTON-EVANS","","",
"1029755","NRC-DOLEMAN","","",
"1029756","IMP-ROWE","","",
"1029757","IMP-DOYE","","",
"1029758","Joanna Brown","","",
"1029762","IMP-WILSON","","",
"1029763","HEN-GLENISTER","","",
"1029765","MAR-WEATHERALL","","",
"1029768","NRC-HUGHES","","",
"1029783","TSS-MAXWELL","","",
"1029784","CHB-MERTON","","",
"1029786","TWK-BRYANT","","",
"1029787","YRK-BOLLANS","","",
"1029788","IMP-KIRKPATRICK","","",
"1029789","IMP-BEN TIBA","","",
"1029791","WBS-ELLERY","","",
"1029792","WBS-VAN GELDEREN","","",
"1029796","UYO-NESOM","","",
"1029797","UYO-TREWIN MARSHALL","","",
"1029798","TTR-CAMPBELL","","",
"1029813","PBD-ANTAR","","",
"1029820","CBR-PEAKE","","",
