"Crew ID","Crew Name","Event ID","Event Identity","Actual Masters Crew Category","Composite","Composite Code","Submitting Club","Submitting Club Index",
"1026966","AKN-MEARING-SMITH","118803","MasA.1x","A","N","","Auriol Kensington Rowing Club","AKN",
"1026987","TRC-RYAN","118803","MasA.1x","A","N","","Thames Rowing Club","TRC",
"1026988","TRC-LEE","118803","MasA.1x","A","N","","Thames Rowing Club","TRC",
"1027298","GLR-RODFORD","118803","MasA.1x","A","N","","Gloucester Rowing Club","GLR",
"1027317","UTC-CARTER","118803","MasA.1x","A","N","","Upper Thames Rowing Club","UTC",
"1027697","SON-BRINKER","118803","MasA.1x","A","N","","Sons of the Thames Rowing Club","SON",
"1027698","SON-REYNOLDS","118803","MasA.1x","A","N","","Sons of the Thames Rowing Club","SON",
"1028182","CYG-SEARS","118803","MasA.1x","A","N","","Cygnet Rowing Club","CYG",
"1028241","ABN-FERGUS","118803","MasA.1x","A","N","","Abingdon Rowing Club","ABN",
"1028294","CBR-PASCOVITCH","118803","MasA.1x","A","N","","Bristol, City of, Rowing Club","CBR",
"1028296","CBR-WADSWORTH","118803","MasA.1x","A","N","","Bristol, City of, Rowing Club","CBR",
"1028326","LEA-CARDELLA","118803","MasA.1x","A","N","","Lea Rowing Club","LEA",
"1028549","-CLEMENTS","118803","MasA.1x","A","N","","Dubai Rowing & Sculling Club","",
"1028708","TSS-BECKETT","118803","MasA.1x","A","N","","Tideway Scullers School","TSS",
"1028709","TSS-BLAKE","118803","MasA.1x","A","N","","Tideway Scullers School","TSS",
"1028718","TSS-MCORIST","118803","MasA.1x","A","N","","Tideway Scullers School","TSS",
"1028720","TSS-DUNLEY","118803","MasA.1x","A","N","","Tideway Scullers School","TSS",
"1028721","TSS-RIDLER","118803","MasA.1x","A","N","","Tideway Scullers School","TSS",
"1028722","TSS-O'REILLY","118803","MasA.1x","A","N","","Tideway Scullers School","TSS",
"1028735","TSS-WILKOJC","118803","MasA.1x","A","N","","Tideway Scullers School","TSS",
"1028955","CFA-GEORGE","118803","MasA.1x","A","N","","Cardiff University Alumni Rowing Club","CFA",
"1028987","MBC-BROADEST","118803","MasA.1x","A","N","","Molesey Boat Club","MBC",
"1029095","TSS-SANDERS","118803","MasA.1x","A","N","","Tideway Scullers School","TSS",
"1029727","VRC-TURNER","118803","MasA.1x","A","N","","Vesta Rowing Club","VRC",
"1026862","TTR-DODD","118804","MasB.1x","B","N","","Thames Tradesmen's Rowing Club","TTR",
"1027055","TKC-KEANE","118804","MasB.1x","B","N","","Team Keane Sculling School","TKC",
"1027057","MON-BUTLER","118804","MasB.1x","B","N","","Monmouth Rowing Club","MON",
"1027135","HEN-HILLYARD","118804","MasB.1x","B","N","","Henley Rowing Club","HEN",
"1027156","TRC-YATES","118804","MasB.1x","B","N","","Thames Rowing Club","TRC",
"1027163","LER-SMITH","118804","MasB.1x","B","N","","Leicester Rowing Club","LER",
"1027699","SON-CROFORD","118804","MasB.1x","B","N","","Sons of the Thames Rowing Club","SON",
"1027767","ETX-SUTTON","118804","MasB.1x","B","N","","Eton Excelsior Rowing Club","ETX",
"1027784","MBC-MCLELLAN","118804","MasB.1x","B","N","","Molesey Boat Club","MBC",
"1027850","TWK-KOLIMECHKOV","118804","MasB.1x","B","N","","Twickenham Rowing Club","TWK",
"1028009","MON-COLLING","118804","MasB.1x","B","N","","Monmouth Rowing Club","MON",
"1028180","CYG-PIGUET","118804","MasB.1x","B","N","","Cygnet Rowing Club","CYG",
"1028234","MBC-MIDDLETON","118804","MasB.1x","B","N","","Molesey Boat Club","MBC",
"1028419","EXE-ROWSE","118804","MasB.1x","B","N","","Exeter Rowing Club Ltd","EXE",
"1028440","AKN-VON KALTENBORN","118804","MasB.1x","C","N","","Auriol Kensington Rowing Club","AKN",
"1028763","CUR-SCOTT","118804","MasB.1x","B","N","","Curlew Rowing Club","CUR",
"1028780","SON-FODEN","118804","MasB.1x","B","N","","Sons of the Thames Rowing Club","SON",
"1028862","CBR-Friedemann","118804","MasB.1x","B","N","","Bristol, City of, Rowing Club","CBR",
"1028964","UES-ZIMMERMAN","118804","MasB.1x","B","N","","Essex, University of, Rowing Club","UES",
"1029114","Hickling","118804","MasB.1x","B","N","","Putney Town Rowing Club","PTR",
"1029655","BRX-SCORAH","118804","MasB.1x","B","N","","Broxbourne Rowing Club","BRX",
"1029714","VRC-MCGOVERN","118804","MasB.1x","B","N","","Vesta Rowing Club","VRC",
"1029738","HEN-JACOB","118804","MasB.1x","B","N","","Henley Rowing Club","HEN",
"1029739","HEN-HARSANT","118804","MasB.1x","B","N","","Henley Rowing Club","HEN",
"1029742","HEN-ADMIRAAL","118804","MasB.1x","B","N","","Henley Rowing Club","HEN",
"1029813","PBD-ANTAR","118804","MasB.1x","B","N","","Poplar Blackwall & District Rowing Club","PBD",
"1026819","NST-SILVESTER","118805","MasC.1x","C","N","","North Staffordshire Rowing Club","NST",
"1026859","Reynolds","118805","MasC.1x","C","N","","Thames Tradesmen's Rowing Club","TTR",
"1027157","TRC-ANDREESEN","118805","MasC.1x","C","N","","Thames Rowing Club","TRC",
"1027162","MAR-GARNETT","118805","MasC.1x","C","N","","Marlow Rowing Club","MAR",
"1027488","BLD-DAVIES","118805","MasC.1x","C","N","","Broadland Boat Club","BLD",
"1027597","ETX-WILLIAMS","118805","MasC.1x","C","N","","Eton Excelsior Rowing Club","ETX",
"1027849","UTC-SENIOR","118805","MasC.1x","C","N","","Upper Thames Rowing Club","UTC",
"1027852","MAR-THOMAS","118805","MasC.1x","C","N","","Marlow Rowing Club","MAR",
"1028179","CYG-PRETZLIK","118805","MasC.1x","C","N","","Cygnet Rowing Club","CYG",
"1028185","CYG-RAE","118805","MasC.1x","C","N","","Cygnet Rowing Club","CYG",
"1028364","RDG-CONEYBEARE","118805","MasC.1x","C","N","","Reading Rowing Club","RDG",
"1028422","YRK-BARON","118805","MasC.1x","C","N","","York City Rowing Club","YRK",
"1028464","LRC-GRACE","118805","MasC.1x","C","N","","London Rowing Club","LRC",
"1028557","-BRAMLEY","118805","MasC.1x","C","N","","Dubai Rowing & Sculling Club","",
"1028565","MAV-HUMPHRIS","118805","MasC.1x","C","N","","Maidstone Invicta Rowing Club","MAV",
"1028685","FSC-HELLIER","118805","MasC.1x","C","N","","Furnivall Sculling Club","FSC",
"1028727","BRX-BIELBY","118805","MasC.1x","C","N","","Broxbourne Rowing Club","BRX",
"1028729","BRX-HARRIS","118805","MasC.1x","C","N","","Broxbourne Rowing Club","BRX",
"1028756","CAB-MORLEY","118805","MasC.1x","C","N","","Cantabrigian Rowing Club","CAB",
"1028859","WAR-ROTKOP","118805","MasC.1x","C","N","","Warwick Boat Club","WAR",
"1028948","ARD-DOMBROWE","118805","MasC.1x","C","N","","Ardingly Rowing Club","ARD",
"1029128","MBC-BELLAMY","118805","MasC.1x","C","N","","Molesey Boat Club","MBC",
"1029309","TSS-NEWTON","118805","MasC.1x","C","N","","Tideway Scullers School","TSS",
"1029628","MBC-SHIRLEY","118805","MasC.1x","C","N","","Molesey Boat Club","MBC",
"1029652","ROB-GRAF","118805","MasC.1x","C","N","","Rob Roy Boat Club","ROB",
"1029686","PTR-BOILEAU","118805","MasC.1x","C","N","","Putney Town Rowing Club","PTR",
"1029716","VRC-GALAVOTTI","118805","MasC.1x","C","N","","Vesta Rowing Club","VRC",
"1029741","HEN-RASEK","118805","MasC.1x","C","N","","Henley Rowing Club","HEN",
"1026829","MHD-STOCKDALE","118806","MasD.1x","D","N","","Maidenhead Rowing Club","MHD",
"1026863","MHD-STEEL","118806","MasD.1x","D","N","","Maidenhead Rowing Club","MHD",
"1027008","ETX-LEN","118806","MasD.1x","D","N","","Eton Excelsior Rowing Club","ETX",
"1027009","ETX-FULTON","118806","MasD.1x","D","N","","Eton Excelsior Rowing Club","ETX",
"1027155","Tim Ellis","118806","MasD.1x","D","N","","Royal Air Force Rowing Club","RAF",
"1027261","AKN-WALKER","118806","MasD.1x","D","N","","Auriol Kensington Rowing Club","AKN",
"1027281","QBC-ALMAND","118806","MasD.1x","D","N","","Quintin Boat Club","QBC",
"1027333","BEB-JAHNICH","118806","MasD.1x","D","N","","Bewl Bridge Rowing Club","BEB",
"1027515","NST-FOSTER","118806","MasD.1x","D","N","","North Staffordshire Rowing Club","NST",
"1027674","CBR-DOWNEY","118806","MasD.1x","D","N","","Bristol, City of, Rowing Club","CBR",
"1028006","MON-STEWART-WOODS","118806","MasD.1x","D","N","","Monmouth Rowing Club","MON",
"1028008","BEW-COLLINGRIDGE","118806","MasD.1x","D","N","","Bewdley Rowing Club","BEW",
"1028108","TSS-BRIDGER","118806","MasD.1x","D","N","","Tideway Scullers School","TSS",
"1028109","Dave Dangerous","118806","MasD.1x","D","N","","Sons of the Thames Rowing Club","SON",
"1028295","CBR-KELLY","118806","MasD.1x","D","N","","Bristol, City of, Rowing Club","CBR",
"1028418","EXE-BYRNES","118806","MasD.1x","D","N","","Exeter Rowing Club Ltd","EXE",
"1028677","UTC-MARKHAM","118806","MasD.1x","D","N","","Upper Thames Rowing Club","UTC",
"1028682","CRB-POOLEY","118806","MasD.1x","D","N","","Crabtree Boat Club","CRB",
"1028730","BRX-ALEXANDER","118806","MasD.1x","D","N","","Broxbourne Rowing Club","BRX",
"1028734","BRX-O'PUIRSEIL","118806","MasD.1x","D","N","","Broxbourne Rowing Club","BRX",
"1028741","CYG-DU PARC BRAHAM","118806","MasD.1x","D","N","","Cygnet Rowing Club","CYG",
"1028858","WAR-SIDAWAY","118806","MasD.1x","D","N","","Warwick Boat Club","WAR",
"1029145","FUL-ORECCHIA","118806","MasD.1x","D","N","","Fulham Reach Boat Club","FUL",
"1029150","PBD Humprey","118806","MasD.1x","D","N","","Poplar Blackwall & District Rowing Club","PBD",
"1029475","Akos Forczek","118806","MasD.1x","D","N","","Parr's Priory Rowing Club","PAR",
"1029583","WBK-LUKES","118806","MasD.1x","D","N","","Walbrook Rowing Club","WBK",
"1029681","Diego","118806","MasD.1x","D","N","","Team Keane Sculling School","TKC",
"1029695","VRC-MAYNARD","118806","MasD.1x","D","N","","Vesta Rowing Club","VRC",
"1029699","MED-MITCHELHILL","118806","MasD.1x","D","N","","Medway Towns Rowing Club","MED",
"1029820","CBR-PEAKE","118806","MasD.1x","D","N","","Bristol, City of, Rowing Club","CBR",
"1026874","tone","118807","MasE.1x","E","N","","Wycliffe College Boat Club","WYC",
"1026964","MAR-GALBRAITH","118807","MasE.1x","E","N","","Marlow Rowing Club","MAR",
"1026979","MAR-LANDERS","118807","MasE.1x","E","N","","Marlow Rowing Club","MAR",
"1026984","TRC-MCCONNELL","118807","MasE.1x","E","N","","Thames Rowing Club","TRC",
"1026990","NWK-PRICE","118807","MasE.1x","E","N","","Newark Rowing Club","NWK",
"1027018","QBC-AQUILINA","118807","MasE.1x","E","N","","Quintin Boat Club","QBC",
"1027024","BEB-MORRIS J","118807","MasE.1x","E","N","","Bewl Bridge Rowing Club","BEB",
"1027053","BEB-MAUNSELL","118807","MasE.1x","E","N","","Bewl Bridge Rowing Club","BEB",
"1027475","MAR-PARSONS","118807","MasE.1x","E","N","","Marlow Rowing Club","MAR",
"1027547","CHA-MILLAR","118807","MasE.1x","E","N","","Champion Of The Thames (Cambridge) RC","CHA",
"1027689","BNT-BATES","118807","MasE.1x","E","N","","Bentham Boat Club","BNT",
"1027715","UPT-SCRIVENER","118807","MasE.1x","E","N","","Upton Rowing Club","UPT",
"1027806","PTR-DE MARIA","118807","MasE.1x","E","N","","Putney Town Rowing Club","PTR",
"1027807","PTR-DEBOIS","118807","MasE.1x","E","N","","Putney Town Rowing Club","PTR",
"1027815","MBC-SNELLING","118807","MasE.1x","E","N","","Molesey Boat Club","MBC",
"1027976","UTC-SHIMMIN","118807","MasE.1x","E","N","","Upper Thames Rowing Club","UTC",
"1028049","NOR-CONWAY","118807","MasE.1x","E","N","","Norwich Rowing Club","NOR",
"1028196","CYG-PUGH","118807","MasE.1x","E","N","","Cygnet Rowing Club","CYG",
"1028374","SON-WHITTLE","118807","MasE.1x","E","N","","Sons of the Thames Rowing Club","SON",
"1028551","LRC-HALFORD","118807","MasE.1x","E","N","","London Rowing Club","LRC",
"1028562","MHD-HUDSON","118807","MasE.1x","E","N","","Maidenhead Rowing Club","MHD",
"1028591","NOR-DAVIES","118807","MasE.1x","E","N","","Norwich Rowing Club","NOR",
"1028662","thiemann","118807","MasE.1x","E","N","","Walton Rowing Club","WLT",
"1028676","piers copham","118807","MasE.1x","E","N","","Granta Boat Club","GRT",
"1028686","NOR-AUDINIS","118807","MasE.1x","E","N","","Norwich Rowing Club","NOR",
"1028733","BRX-CROOK","118807","MasE.1x","E","N","","Broxbourne Rowing Club","BRX",
"1028986","TSS-PRIESTLEY","118807","MasE.1x","E","N","","Tideway Scullers School","TSS",
"1029012","HOL-BOOTH","118807","MasE.1x","E","N","","Hollingworth Lake Rowing Club","HOL",
"1029013","HOL-LAWTON","118807","MasE.1x","E","N","","Hollingworth Lake Rowing Club","HOL",
"1029038","GLR-LOWE","118807","MasE.1x","E","N","","Gloucester Rowing Club","GLR",
"1029156","UTRC Hope D","118807","MasE.1x","E","N","","Upper Thames Rowing Club","UTC",
"1029248","TSS-EARNSHAW","118807","MasE.1x","E","N","","Tideway Scullers School","TSS",
"1029674","WBK-Thomas","118807","MasE.1x","E","N","","Walbrook Rowing Club","WBK",
"1029705","WLT-Adey","118807","MasE.1x","E","N","","Walton Rowing Club","WLT",
"1029711","TWK McCarter","118807","MasE.1x","E","N","","Twickenham Rowing Club","TWK",
"1026828","MHD-FRICKER","118808","MasF.1x","F","N","","Maidenhead Rowing Club","MHD",
"1027016","QBC-HARRISON","118808","MasF.1x","F","N","","Quintin Boat Club","QBC",
"1027101","J Farrell","118808","MasF.1x","F","N","","St Neots Rowing Club","SNE",
"1027159","TRC-WATKISS","118808","MasF.1x","F","N","","Thames Rowing Club","TRC",
"1027245","WLT-BISHOP","118808","MasF.1x","F","N","","Walton Rowing Club","WLT",
"1027247","MAR-DRISCOLL","118808","MasF.1x","F","N","","Marlow Rowing Club","MAR",
"1027248","MAR-PICKIN","118808","MasF.1x","F","N","","Marlow Rowing Club","MAR",
"1027278","FSC-FERRIS","118808","MasF.1x","F","N","","Furnivall Sculling Club","FSC",
"1027287","QBC-MEANEY","118808","MasF.1x","F","N","","Quintin Boat Club","QBC",
"1027690","BNT-BAILEY","118808","MasF.1x","F","N","","Bentham Boat Club","BNT",
"1027694","ABN-BAKER","118808","MasF.1x","F","N","","Abingdon Rowing Club","ABN",
"1027782","MBC-RASPIN","118808","MasF.1x","F","N","","Molesey Boat Club","MBC",
"1027887","TSS-ALLOWAY","118808","MasF.1x","F","N","","Tideway Scullers School","TSS",
"1028463","LRC-SMITHSON","118808","MasF.1x","F","N","","London Rowing Club","LRC",
"1028654","TSS-BEST","118808","MasF.1x","F","N","","Tideway Scullers School","TSS",
"1028731","BRX-BATEY","118808","MasF.1x","F","N","","Broxbourne Rowing Club","BRX",
"1028786","LRC-METCALF","118808","MasF.1x","F","N","","London Rowing Club","LRC",
"1028951","ARD-RADOSEVIC","118808","MasF.1x","F","N","","Ardingly Rowing Club","ARD",
"1028952","ARD-VINCENT","118808","MasF.1x","F","N","","Ardingly Rowing Club","ARD",
"1028953","ARD-BANKS","118808","MasF.1x","F","N","","Ardingly Rowing Club","ARD",
"1028971","GLR-THORNTON","118808","MasF.1x","F","N","","Gloucester Rowing Club","GLR",
"1029014","HOL-PRICE","118808","MasF.1x","F","N","","Hollingworth Lake Rowing Club","HOL",
"1029015","HOL-CLAY","118808","MasF.1x","F","N","","Hollingworth Lake Rowing Club","HOL",
"1029057","TKC-MARSDEN","118808","MasF.1x","G","N","","Team Keane Sculling School","TKC",
"1029107","MHD-RICHARDS","118808","MasF.1x","F","N","","Maidenhead Rowing Club","MHD",
"1029297","MAV-PHILLIPS","118808","MasF.1x","F","N","","Maidstone Invicta Rowing Club","MAV",
"1029624","TSS-O'NEILL","118808","MasF.1x","F","N","","Tideway Scullers School","TSS",
"1029672","MBC-CROSS","118808","MasF.1x","F","N","","Molesey Boat Club","MBC",
"1027054","Stephen Lockwood","118809","MasG.1x","G","N","","Belfast Boat Club","ZBF",
"1027645","PTR-ADAMS","118809","MasG.1x","G","N","","Putney Town Rowing Club","PTR",
"1027646","PTR-ROSE","118809","MasG.1x","G","N","","Putney Town Rowing Club","PTR",
"1027915","TSS-SWIFT","118809","MasG.1x","G","N","","Tideway Scullers School","TSS",
"1028011","VRC-MEW","118809","MasG.1x","G","N","","Vesta Rowing Club","VRC",
"1028219","DAT-STEWART","118809","MasG.1x","G","N","","Dart-Totnes Amateur Rowing Club","DAT",
"1028680","Milligan","118809","MasG.1x","G","N","","Poplar Blackwall & District Rowing Club","PBD",
"1029037","GLR-VENN","118809","MasG.1x","G","N","","Gloucester Rowing Club","GLR",
"1029290","TSS-WATTS","118809","MasG.1x","G","N","","Tideway Scullers School","TSS",
"1027021","QBC-BISHOP","118810","MasH.1x","H","N","","Quintin Boat Club","QBC",
"1027158","TRC-GARNER","118810","MasH.1x","H","N","","Thames Rowing Club","TRC",
"1027396","WRC-MORRIS","118810","MasH.1x","H","N","","Wallingford Rowing Club","WRC",
"1027397","WRC-PARRY","118810","MasH.1x","H","N","","Wallingford Rowing Club","WRC",
"1028220","DAT-HARRIS","118810","MasH.1x","H","N","","Dart-Totnes Amateur Rowing Club","DAT",
"1028539","LEA-MEARS","118810","MasH.1x","H","N","","Lea Rowing Club","LEA",
"1029509","CTW-DAWS","118810","MasH.1x","H","N","","Cotswold Rowing Club","CTW",
"1029531","BTC-GREEN","118811","MasI.1x","I","N","","B T C  (Southampton) Rowing Club","BTC",
"1027138","Ferlez","118814","W.MasA.1x","A","N","","Weybridge Rowing Club","WEY",
"1027667","BBL-KUNERT","118814","W.MasA.1x","A","N","","Barnes Bridge Ladies Rowing Club","BBL",
"1028010","MON-THOMAS","118814","W.MasA.1x","A","N","","Monmouth Rowing Club","MON",
"1028067","ABN-HALL","118814","W.MasA.1x","A","N","","Abingdon Rowing Club","ABN",
"1029004","YRK-REZACOVA","118814","W.MasA.1x","A","N","","York City Rowing Club","YRK",
"1029125","TSS-WALTERS","118814","W.MasA.1x","A","N","","Tideway Scullers School","TSS",
"1029190","PTR-SHEPHERD","118814","W.MasA.1x","A","N","","Putney Town Rowing Club","PTR",
"1029621","TSS-NORGATE","118814","W.MasA.1x","A","N","","Tideway Scullers School","TSS",
"1026910","TRC-HARRIS","118815","W.MasB.1x","B","N","","Thames Rowing Club","TRC",
"1027084","BBL-BALDWIN","118815","W.MasB.1x","B","N","","Barnes Bridge Ladies Rowing Club","BBL",
"1027244","WLT-JACKSON","118815","W.MasB.1x","B","N","","Walton Rowing Club","WLT",
"1027680","TSS-EISDELL","118815","W.MasB.1x","B","N","","Tideway Scullers School","TSS",
"1027812","RDG-REEMAN","118815","W.MasB.1x","B","N","","Reading Rowing Club","RDG",
"1027930","TKC-KEANE-2","118815","W.MasB.1x","B","N","","Team Keane Sculling School","TKC",
"1028206","LEA-BENSON-SKAILES","118815","W.MasB.1x","B","N","","Lea Rowing Club","LEA",
"1028416","EXE-SANDERS","118815","W.MasB.1x","B","N","","Exeter Rowing Club Ltd","EXE",
"1029050","ABN-ASHTON","118815","W.MasB.1x","B","N","","Abingdon Rowing Club","ABN",
"1029154","TSS-STUTTERS","118815","W.MasB.1x","B","N","","Tideway Scullers School","TSS",
"1029191","PTR-CARBOO","118815","W.MasB.1x","B","N","","Putney Town Rowing Club","PTR",
"1029690","CFC-MARSHALL","118815","W.MasB.1x","B","N","","Cardiff City Rowing Club","CFC",
"1026673","MAA-RAMSDEN","118816","W.MasC.1x","C","N","","Mortlake Anglian & Alpha Boat Club","MAA",
"1027010","ETX-SIMPSON","118816","W.MasC.1x","C","N","","Eton Excelsior Rowing Club","ETX",
"1027083","BBL-POWELL","118816","W.MasC.1x","C","N","","Barnes Bridge Ladies Rowing Club","BBL",
"1027505","MAA-CASSINI","118816","W.MasC.1x","C","N","","Mortlake Anglian & Alpha Boat Club","MAA",
"1027669","MAA-BRASS","118816","W.MasC.1x","C","N","","Mortlake Anglian & Alpha Boat Club","MAA",
"1027785","TKC-PONTES DE FREITAS","118816","W.MasC.1x","C","N","","Team Keane Sculling School","TKC",
"1027872","STA-ARMSTRONG","118816","W.MasC.1x","C","N","","Star Club","STA",
"1028544","Christy Job","118816","W.MasC.1x","C","N","","Wallingford Rowing Club","WRC",
"1028762","AKN-RAFFAELE","118816","W.MasC.1x","C","N","","Auriol Kensington Rowing Club","AKN",
"1028962","CBR-FULLMAN","118816","W.MasC.1x","C","N","","Bristol, City of, Rowing Club","CBR",
"1028996","WLT-POOLE","118816","W.MasC.1x","C","N","","Walton Rowing Club","WLT",
"1029510","HSB-NIDAI","118816","W.MasC.1x","C","N","","HSBC Rowing Club","HSB",
"1029553","VRC-LALIBERTE","118816","W.MasC.1x","C","N","","Vesta Rowing Club","VRC",
"1029726","TSS-TALBOTT","118816","W.MasC.1x","C","N","","Tideway Scullers School","TSS",
"1027002","LEA-SNAITH","118817","W.MasD.1x","D","N","","Lea Rowing Club","LEA",
"1027250","TWK-FADLON","118817","W.MasD.1x","D","N","","Twickenham Rowing Club","TWK",
"1027283","TSS-HICKMOTT","118817","W.MasD.1x","D","N","","Tideway Scullers School","TSS",
"1027673","TSS-ROBINS","118817","W.MasD.1x","D","N","","Tideway Scullers School","TSS",
"1027675","MAR-RICE","118817","W.MasD.1x","D","N","","Marlow Rowing Club","MAR",
"1027695","ABN-BAKER-2","118817","W.MasD.1x","D","N","","Abingdon Rowing Club","ABN",
"1028863","ETX-JOHNSON","118817","W.MasD.1x","D","N","","Eton Excelsior Rowing Club","ETX",
"1028916","WLT-FLOWERDEW","118817","W.MasD.1x","D","N","","Walton Rowing Club","WLT",
"1029005","YRK-HOMA","118817","W.MasD.1x","D","N","","York City Rowing Club","YRK",
"1029631","MAR-ALLARD","118817","W.MasD.1x","D","N","","Marlow Rowing Club","MAR",
"1026676","MAA-BELL-SYER","118818","W.MasE.1x","E","N","","Mortlake Anglian & Alpha Boat Club","MAA",
"1026798","klok","118818","W.MasE.1x","E","N","","Thyro Rowing Club","",
"1026884","GLB-HILL","118818","W.MasE.1x","E","N","","Globe Rowing Club","GLB",
"1026980","HEN-MEHERS","118818","W.MasE.1x","E","N","","Henley Rowing Club","HEN",
"1027023","BEB-MORRIS","118818","W.MasE.1x","E","N","","Bewl Bridge Rowing Club","BEB",
"1027259","AKN-SARGENT","118818","W.MasE.1x","E","N","","Auriol Kensington Rowing Club","AKN",
"1027263","MAA-DALE","118818","W.MasE.1x","E","N","","Mortlake Anglian & Alpha Boat Club","MAA",
"1027313","TSS-JARMAN","118818","W.MasE.1x","E","N","","Tideway Scullers School","TSS",
"1027546","CHA-MILLS","118818","W.MasE.1x","E","N","","Champion Of The Thames (Cambridge) RC","CHA",
"1027574","TSS-FRENCH","118818","W.MasE.1x","E","N","","Tideway Scullers School","TSS",
"1028507","LEA-RINGSHAW","118818","W.MasE.1x","E","N","","Lea Rowing Club","LEA",
"1028687","NOR-BARNACLE","118818","W.MasE.1x","E","N","","Norwich Rowing Club","NOR",
"1028732","BRX-TAYLOR","118818","W.MasE.1x","E","N","","Broxbourne Rowing Club","BRX",
"1029192","PTR-MORTIMER","118818","W.MasE.1x","E","N","","Putney Town Rowing Club","PTR",
"1029670","EXE-WOOD","118818","W.MasE.1x","E","N","","Exeter Rowing Club Ltd","EXE",
"1027251","TWK-ALMOND","118819","W.MasF.1x","F","N","","Twickenham Rowing Club","TWK",
"1028864","ETX-ARION","118819","W.MasF.1x","F","N","","Eton Excelsior Rowing Club","ETX",
"1029193","PTR-STOYEL","118819","W.MasF.1x","F","N","","Putney Town Rowing Club","PTR",
"1029706","TSS-TOFTS","118819","W.MasF.1x","F","N","","Tideway Scullers School","TSS",
"1027284","TSS-SIXSMITH","118820","W.MasG.1x","G","N","","Tideway Scullers School","TSS",
"1029301","WBK-EGGEMAN","118820","W.MasG.1x","G","N","","Walbrook Rowing Club","WBK",
