"CrewID","EventID","Event Identity","Event Override Name","Division Assigned","Submitting Club Index","Submitting Club","Crew Name","Composite","CompositeCode","CrewLetter","CompetitionNotes","Rowing CRI","Rowing CRI Max","Sculling CRI","Sculling CRI Max",
"1026827","118791","1x","Op 1x","","AKN","Auriol Kensington Rowing Club","Mackworth-Praed","N","","","","0","0","620","620",
"1026956","118791","1x","Op 1x","","PTR","Putney Town Rowing Club","PTR-DISERENS-S","N","","","","434","434","245","280",
"1026986","118791","1x","Op 1x","","TRC","Thames Rowing Club","TRC-HOIER","N","","","","134","154","28","224",
"1026997","118791","1x","Op 1x","","LDR","Leander Club","LDR-KIRKWOOD","N","","A","","94","374","145","578",
"1027007","118791","1x","Op 1x","","ETX","Eton Excelsior Rowing Club","ETX-MILNE","N","","","","28","224","59","79",
"1027048","118791","1x","Op 1x","","MED","Medway Towns Rowing Club","MED-BLAIR","N","","","","2","16","39","52",
"1027099","118791","1x","Op 1x","","BED","Bedford Rowing Club","Matt Farley","N","","M","","47","47","236","236",
"1027143","118791","1x","Op 1x","","CAB","Cantabrigian Rowing Club","CAB-ADAMS","N","","","","233","311","149","149",
"1027235","118791","1x","Op 1x","","BIR","Birmingham Rowing Club","BIR-BYFORD","N","","","","0","0","609","609",
"1027246","118791","1x","Op 1x","","WLT","Walton Rowing Club","WLT-KNILL","N","","","","0","0","0","0",
"1027265","118791","1x","Op 1x","","QBC","Quintin Boat Club","QBC-O'BRIEN","N","","","","2","12","97","154",
"1027268","118791","1x","Op 1x","","QBC","Quintin Boat Club","QBC-BROWN","N","","","","209","209","27","71",
"1027280","118791","1x","Op 1x","","TWK","Twickenham Rowing Club","Wooller","N","","","","7","54","100","133",
"1027473","118791","1x","Op 1x","","EXE","Exeter Rowing Club Ltd","EXE-SHEPHERD","N","","","","9","36","84","167",
"1027533","118791","1x","Op 1x","","CAB","Cantabrigian Rowing Club","CAB-BURFEIND","N","","","","141","226","57","114",
"1027538","118791","1x","Op 1x","","PTR","Putney Town Rowing Club","PTR-DISERENS-J","N","","","","227","227","88","117",
"1027573","118791","1x","Op 1x","","LEA","Lea Rowing Club","LEA-STEVENSON","N","","","","313","358","66","264",
"1027593","118791","1x","Op 1x","","LEA","Lea Rowing Club","LEA-HUSSANI","N","","","","20","32","35","70",
"1027609","118791","1x","Op 1x","","PTR","Putney Town Rowing Club","PTR-BENTON","N","","","","147","196","25","50",
"1027649","118791","1x","Op 1x","","PTR","Putney Town Rowing Club","PTR-PERCIVAL","N","","","","133","133","8","15",
"1027650","118791","1x","Op 1x","","TRC","Thames Rowing Club","TRC-PORTSMOUTH","N","","","","610","697","0","0",
"1027659","118791","1x","Op 1x","","BED","Bedford Rowing Club","BED-BAKER","N","","","","49","49","4","16",
"1027660","118791","1x","Op 1x","","BED","Bedford Rowing Club","BED-TODD","N","","","","30","48","96","128",
"1027661","118791","1x","Op 1x","","BED","Bedford Rowing Club","BED-DINGLEY","N","","","","11","30","20","54",
"1027701","118791","1x","Op 1x","","EAR","Earith Sculling Centre","Michael Byrne","N","","","","12","46","21","56",
"1027769","118791","1x","Op 1x","","PET","Peterborough City Rowing Club","PET-PLUMB-2","N","","","","3","10","138","138",
"1027901","118791","1x","Op 1x","","CAB","Cantabrigian Rowing Club","CAB-MCCREE-GREY","N","","","","0","0","1","8",
"1028014","118791","1x","Op 1x","","GRI","Griffen, The, Boat Club","GRI-GARROW","N","","","","99","198","44","87",
"1028186","118791","1x","Op 1x","","TKC","Team Keane Sculling School","TKC-PARNELL","N","","","","825","825","140","1120",
"1028431","118791","1x","Op 1x","","VRC","Vesta Rowing Club","VRC-WOODFINE","N","","","","0","0","157","314",
"1028432","118791","1x","Op 1x","","VRC","Vesta Rowing Club","VRC-CANNON","N","","","","113","300","53","84",
"1028461","118791","1x","Op 1x","","LRC","London Rowing Club","LRC-MEREDITH","N","","","","549","549","263","526",
"1028462","118791","1x","Op 1x","","LRC","London Rowing Club","LRC-STUART","N","","","","0","0","0","0",
"1028465","118791","1x","Op 1x","","LRC","London Rowing Club","LRC-BROOKS","N","","","","69","110","18","144",
"1028466","118791","1x","Op 1x","","TKC","Team Keane Sculling School","TKC-NEW","N","","","","106","142","6","22",
"1028514","118791","1x","Op 1x","","MBC","Molesey Boat Club","MBC-HARRIS","N","","","","114","304","316","362",
"1028597","118791","1x","Op 1x","","ARM","Army Rowing Club","Stephen Cox - Army","N","","A","","36","288","249","249",
"1028648","118791","1x","Op 1x","","IMP","Imperial College Boat Club","IMP-RIBLAHHHH","N","","","","179","476","57","456",
"1028684","118791","1x","Op 1x","","FSC","Furnivall Sculling Club","FSC-DE PAOLI","N","","","","17","33","334","334",
"1028706","118791","1x","Op 1x","","TSS","Tideway Scullers School","TSS-ANDERSON","N","","","","760","760","219","292",
"1028710","118791","1x","Op 1x","","TSS","Tideway Scullers School","TSS-BROWN","N","","","","550","550","417","417",
"1028712","118791","1x","Op 1x","","TSS","Tideway Scullers School","TSS-BUDENBERG","N","","","","308","308","0","0",
"1028713","118791","1x","Op 1x","","TSS","Tideway Scullers School","TSS-CHUNG","N","","","","82","163","52","136",
"1028714","118791","1x","Op 1x","","TSS","Tideway Scullers School","TSS-FIELDS","N","","","","443","443","32","256",
"1028715","118791","1x","Op 1x","","TSS","Tideway Scullers School","TSS-HODGSON","N","","","","306","408","156","416",
"1028719","118791","1x","Op 1x","","TSS","Tideway Scullers School","TSS-OGUNYOYE","N","","","","31","83","134","357",
"1028723","118791","1x","Op 1x","","TSS","Tideway Scullers School","TSS-SEAMAN","N","","","","254","407","177","705",
"1028724","118791","1x","Op 1x","","TSS","Tideway Scullers School","TSS-TIERNEY","N","","","","0","0","145","1160",
"1028726","118791","1x","Op 1x","","BRX","Broxbourne Rowing Club","BRX-CHEALE","N","","","","16","32","281","281",
"1028728","118791","1x","Op 1x","","BRX","Broxbourne Rowing Club","BRX-ROBINSON","N","","","","78","125","42","166",
"1028761","118791","1x","Op 1x","","CUR","Curlew Rowing Club","CUR-WEEKES","N","","","","461","461","0","0",
"1028848","118791","1x","Op 1x","","PTR","Putney Town Rowing Club","PTR-O'DONNELL","N","","","","48","77","1","6",
"1028885","118791","1x","Op 1x","","IPS","Ipswich Rowing Club","IPS-HORN","N","","","","4","16","43","86",
"1028915","118791","1x","Op 1x","","LRC","London Rowing Club","LRC-HEAP","N","","","","336","336","189","303",
"1028961","118791","1x","Op 1x","","FUL","Fulham Reach Boat Club","FUL-THOMAS","N","","","","25","198","12","96",
"1029018","118791","1x","Op 1x","","PTR","Putney Town Rowing Club","PTR-RUSSELL","N","","","","179","179","7","56",
"1029048","118791","1x","Op 1x","","FSC","Furnivall Sculling Club","FSC-DICKINSON","N","","","","128","147","41","108",
"1029083","118791","1x","Op 1x","","BUR","Burway Rowing Club","BUR-BARRETT","N","","","","0","0","263","263",
"1029102","118791","1x","Op 1x","","LEA","Lea Rowing Club","LEA-MUGGLETON","N","","","","0","0","0","0",
"1029157","118791","1x","Op 1x","","WAR","Warwick Boat Club","WAR-GILES","N","","","","0","0","0","0",
"1029158","118791","1x","Op 1x","","WAR","Warwick Boat Club","WAR-GARNER","N","","","","100","134","102","102",
"1029197","118791","1x","Op 1x","","CYG","Cygnet Rowing Club","CYG-HARRIES","N","","","","55","74","17","45",
"1029203","118791","1x","Op 1x","","SOU","Southampton University Boat Club","M.Matt","N","","","","108","144","5","40",
"1029289","118791","1x","Op 1x","","WOO","Wolfson College (Oxford) Boat Club","WOO-SCHLEGEL","N","","","","67","133","22","44",
"1029486","118791","1x","Op 1x","","KCS","Kings College School Boat Club","KCS-WINCHESTER","N","","","","166","442","180","479",
"1029614","118791","1x","Op 1x","","VRC","Vesta Rowing Club","VRC-CHAPMAN","N","","","","170","170","71","81",
"1029619","118791","1x","Op 1x","","TSS","Tideway Scullers School","TSS-BOND","N","","","","86","137","150","399",
"1029638","118791","1x","Op 1x","","MBC","Molesey Boat Club","MBC-WATKINS","N","","","","253","404","379","379",
"1029640","118791","1x","Op 1x","","MBC","Molesey Boat Club","MBC-RALLEY","N","","","","132","1056","0","0",
"1029643","118791","1x","Op 1x","","CSH","Sheffield, City Of, Rowing Club","CSH-SCHOFIELD","N","","","","60","60","61","82",
"1029651","118791","1x","Op 1x","","QBC","Quintin Boat Club","QBC-EWING","N","","","","588","588","391","447",
"1029675","118791","1x","Op 1x","","CAB","Cantabrigian Rowing Club","CAB-BOUKHATMI","N","","","","194","388","106","121",
"1029676","118791","1x","Op 1x","","CAB","Cantabrigian Rowing Club","CAB-COLLINS","N","","","","93","149","82","218",
"1029677","118791","1x","Op 1x","","CSH","Sheffield, City Of, Rowing Club","CSH-TURNBULL","N","","","","98","98","121","138",
"1029678","118791","1x","Op 1x","","CSH","Sheffield, City Of, Rowing Club","CSH-TAPLEY","N","","","","68","68","58","58",
"1029691","118791","1x","Op 1x","","OXB","Oxford Brookes University Boat Club","OXB-HUME","N","","","","223","356","0","0",
"1029704","118791","1x","Op 1x","","WAD","Wadham College Boat Club","WAD-HOUGHTON","N","","","","11","22","30","30",
"1029710","118791","1x","Op 1x","","FUL","Fulham Reach Boat Club","FUL-PRADERA ANLLO","N","","","","238","272","315","420",
"1029722","118791","1x","Op 1x","","LRC","London Rowing Club","LRC-COLE","N","","","","0","0","0","0",
"1029729","118791","1x","Op 1x","","LRC","London Rowing Club","LRC-GOLDING","N","","","","183","244","111","222",
"1029733","118791","1x","Op 1x","","IMP","Imperial College Boat Club","IMP-HINES","N","","","","788","788","123","492",
"1029740","118791","1x","Op 1x","","HEN","Henley Rowing Club","HEN-MAYTUM","N","","","","35","94","100","100",
"1029786","118791","1x","Op 1x","","TWK","Twickenham Rowing Club","TWK-BRYANT","N","","","","294","294","13","52",
"1029787","118791","1x","Op 1x","","YRK","York City Rowing Club","YRK-BOLLANS","N","","","","93","93","194","259",
"1027369","118799","J16.1x","Op J16 1x","","TSS","Tideway Scullers School","TSS-DE ST CROIX","N","","","","0","0","161","161",
"1027529","118799","J16.1x","Op J16 1x","","GLB","Globe Rowing Club","GLB-WATSON-GANDY","N","","A","","2","16","363","363",
"1027532","118799","J16.1x","Op J16 1x","","GLB","Globe Rowing Club","GLB-KASZAS","N","","C","","0","0","0","0",
"1027670","118799","J16.1x","Op J16 1x","","SPS","St Pauls School Boat Club","SPS-VALT","N","","","","221","354","236","236",
"1027671","118799","J16.1x","Op J16 1x","","SPS","St Pauls School Boat Club","SPS-TAYLOR","N","","","","234","312","111","148",
"1027672","118799","J16.1x","Op J16 1x","","SPS","St Pauls School Boat Club","SPS-LANGSTONE-BOLT","N","","","","230","368","206","206",
"1027738","118799","J16.1x","Op J16 1x","","GLB","Globe Rowing Club","GLB-HUGHES","N","","B","","0","0","284","284",
"1028065","118799","J16.1x","Op J16 1x","","LTU","Latymer Upper School Boat Club","LTU-NEWTON","N","","A","","275","275","222","222",
"1028099","118799","J16.1x","Op J16 1x","","FUL","Fulham Reach Boat Club","FUL-HUI-LE MARER","N","","","","0","0","3","24",
"1028906","118799","J16.1x","Op J16 1x","","PBD","Poplar Blackwall & District Rowing Club","PBD-SLOAN","N","","","","0","0","69","69",
"1029153","118799","J16.1x","Op J16 1x","","SGC","St Georges College Boat Club","SGC-FLOWERDEW","N","","","","72","72","168","168",
"1029418","118799","J16.1x","Op J16 1x","","SHP","Shiplake College Boat Club","SHP-ASH","N","","","","220","220","85","170",
"1029623","118799","J16.1x","Op J16 1x","","TSS","Tideway Scullers School","TSS-OLIVER","N","","","","0","0","194","194",
"1029641","118799","J16.1x","Op J16 1x","","BAE","Barn Elms Rowing Club","BAE-WOODS","N","","","","0","0","37","60",
"1029792","118799","J16.1x","Op J16 1x","","WBS","Windsor Boys School, The, Boat Club","WBS-VAN GELDEREN","N","","A","","0","0","188","188",
"1027368","118798","J17.1x","Op J17 1x","","TSS","Tideway Scullers School","TSS-JONAS","N","","","","40","107","273","273",
"1028152","118798","J17.1x","Op J17 1x","","SPS","St Pauls School Boat Club","SPS-PARISH","N","","","","630","630","425","425",
"1028156","118798","J17.1x","Op J17 1x","","SPS","St Pauls School Boat Club","SPS-ANDREWS","N","","","","566","566","147","235",
"1028157","118798","J17.1x","Op J17 1x","","SPS","St Pauls School Boat Club","SPS-BEKTAS","N","","","","297","297","114","182",
"1028184","118798","J17.1x","Op J17 1x","","SPS","St Pauls School Boat Club","SPS-CRAIG-MCFEELY","N","","","","241","241","93","186",
"1028278","118798","J17.1x","Op J17 1x","","SPS","St Pauls School Boat Club","SPS-CRAIG MCFEELY","N","","","","213","213","235","313",
"1028279","118798","J17.1x","Op J17 1x","","SPS","St Pauls School Boat Club","SPS-BEECHING","N","","","","191","191","8","32",
"1028355","118798","J17.1x","Op J17 1x","","SPS","St Pauls School Boat Club","SPS-DOYLE","N","","","","599","599","318","424",
"1028356","118798","J17.1x","Op J17 1x","","SPS","St Pauls School Boat Club","SPS-ISOLA","N","","","","255","255","22","58",
"1028516","118798","J17.1x","Op J17 1x","","WES","Westminster School Boat Club","WES-CROSBIE","N","","A","","391","391","168","336",
"1028517","118798","J17.1x","Op J17 1x","","WES","Westminster School Boat Club","WES-DAVISON","N","","B","","315","315","173","277",
"1028518","118798","J17.1x","Op J17 1x","","WES","Westminster School Boat Club","WES-WICKHAM","N","","C","","391","391","119","238",
"1028519","118798","J17.1x","Op J17 1x","","WES","Westminster School Boat Club","WES-WRIGHT","N","","D","","391","391","83","166",
"1028520","118798","J17.1x","Op J17 1x","","WES","Westminster School Boat Club","WES-HOLLE","N","","E","","91","243","73","117",
"1028521","118798","J17.1x","Op J17 1x","","WES","Westminster School Boat Club","WES-BAROUDEL","N","","F","","309","309","90","179",
"1028522","118798","J17.1x","Op J17 1x","","WES","Westminster School Boat Club","WES-BUDHDEO","N","","G","","389","389","8","64",
"1028523","118798","J17.1x","Op J17 1x","","WES","Westminster School Boat Club","WES-WAGSTAFF","N","","H","","389","389","112","179",
"1028559","118798","J17.1x","Op J17 1x","","SRC","Sudbury Rowing Club","SRC-BULLEN","N","","","","23","92","36","36",
"1029017","118798","J17.1x","Op J17 1x","","HOL","Hollingworth Lake Rowing Club","HOL-HEYWOOD","N","","","","0","0","95","95",
"1029082","118798","J17.1x","Op J17 1x","","SHP","Shiplake College Boat Club","SHP-BROWN","N","","","","227","227","98","784",
"1029198","118798","J17.1x","Op J17 1x","","RDH","Radnor House School Rowing Club","RDH-GHATTAS","N","","","","0","0","57","57",
"1026820","118792","Lwt.1x","Op Lwt 1x","","GLB","Globe Rowing Club","GLB-NORIEL","N","","","","49","98","80","80",
"1027662","118792","Lwt.1x","Op Lwt 1x","","BED","Bedford Rowing Club","BED-GLASSPOOL","N","","","","48","48","32","63",
"1027692","118792","Lwt.1x","Op Lwt 1x","","LEA","Lea Rowing Club","LEA-RANOCCHI","N","","","","32","86","12","96",
"1027783","118792","Lwt.1x","Op Lwt 1x","","MBC","Molesey Boat Club","MBC-BOYER","N","","","","189","303","146","146",
"1028061","118792","Lwt.1x","Op Lwt 1x","","TRC","Thames Rowing Club","TRC-MORRIS","N","","","","766","766","247","659",
"1028226","118792","Lwt.1x","Op Lwt 1x","","PBD","Poplar Blackwall & District Rowing Club","PBD-WADE","N","","","","24","94","154","154",
"1028289","118792","Lwt.1x","Op Lwt 1x","","PBD","Poplar Blackwall & District Rowing Club","PBD-EVANS","N","","","","0","0","177","177",
"1028512","118792","Lwt.1x","Op Lwt 1x","","MBC","Molesey Boat Club","MBC-TUCK","N","","","","559","559","249","332",
"1028529","118792","Lwt.1x","Op Lwt 1x","","ZPO","Sporting Clube de Portugal","ZPO-FRAGA","N","","","","0","0","97","774",
"1028530","118792","Lwt.1x","Op Lwt 1x","","ZPO","Sporting Clube de Portugal","ZPO-MENDES","N","","","","0","0","93","742",
"1028586","118792","Lwt.1x","Op Lwt 1x","","UTC","Upper Thames Rowing Club","UTC-HANSON","N","","","","239","239","392","523",
"1028711","118792","Lwt.1x","Op Lwt 1x","","TSS","Tideway Scullers School","TSS-BRUCE","N","","","","26","208","74","98",
"1028716","118792","Lwt.1x","Op Lwt 1x","","TSS","Tideway Scullers School","TSS-JENKINS","N","","","","210","336","79","157",
"1028717","118792","Lwt.1x","Op Lwt 1x","","TSS","Tideway Scullers School","TSS-KEECH","N","","","","179","716","455","455",
"1028725","118792","Lwt.1x","Op Lwt 1x","","TSS","Tideway Scullers School","TSS-VAN DIGGELE","N","","","","127","204","72","285",
"1028944","118792","Lwt.1x","Op Lwt 1x","","AKN","Auriol Kensington Rowing Club","AKN-BURMESTER","N","","","","36","144","16","64",
"1028956","118792","Lwt.1x","Op Lwt 1x","","TRC","Thames Rowing Club","TRC-WALLER","N","","","","612","612","107","284",
"1029189","118792","Lwt.1x","Op Lwt 1x","","DAT","Dart-Totnes Amateur Rowing Club","DAT-SKINNER","N","","","","39","78","23","27",
"1029288","118792","Lwt.1x","Op Lwt 1x","","WOO","Wolfson College (Oxford) Boat Club","WOO-SCHÄFER","N","","","","68","136","118","118",
"1029300","118792","Lwt.1x","Op Lwt 1x","","WBK","Walbrook Rowing Club","WBK-GALLAGHER-2","N","","","","0","0","85","98",
"1029598","118792","Lwt.1x","Op Lwt 1x","","QBC","Quintin Boat Club","QBC-BOYD","N","","","","37","148","17","68",
"1029731","118792","Lwt.1x","Op Lwt 1x","","IMP","Imperial College Boat Club","IMP-SMITH","N","","","","0","0","744","744",
"1029732","118792","Lwt.1x","Op Lwt 1x","","IMP","Imperial College Boat Club","IMP-FRASER","N","","","","665","665","115","920",
"1029762","118792","Lwt.1x","Op Lwt 1x","","IMP","Imperial College Boat Club","IMP-WILSON","N","","","","110","220","0","0",
"1029763","118792","Lwt.1x","Op Lwt 1x","","HEN","Henley Rowing Club","HEN-GLENISTER","N","","","","231","370","11","21",
"1029768","118792","Lwt.1x","Op Lwt 1x","","NRC","Nottingham Rowing Club","NRC-HUGHES","N","","","","86","172","153","407",
"1029783","118792","Lwt.1x","Op Lwt 1x","","TSS","Tideway Scullers School","TSS-MAXWELL","N","","","","0","0","0","0",
"1029789","118792","Lwt.1x","Op Lwt 1x","","IMP","Imperial College Boat Club","IMP-BEN TIBA","N","","","","321","642","0","0",
"1029797","118792","Lwt.1x","Op Lwt 1x","","UYO","York, University of, Boat Club","UYO-TREWIN MARSHALL","N","","","","32","51","20","53",
"1026966","118803","MasA.1x","Op MasA 1x","","AKN","Auriol Kensington Rowing Club","AKN-MEARING-SMITH","N","","","","393","393","74","295",
"1026987","118803","MasA.1x","Op MasA 1x","","TRC","Thames Rowing Club","TRC-RYAN","N","","","","144","230","205","547",
"1026988","118803","MasA.1x","Op MasA 1x","","TRC","Thames Rowing Club","TRC-LEE","N","","","","79","90","218","218",
"1027298","118803","MasA.1x","Op MasA 1x","","GLR","Gloucester Rowing Club","GLR-RODFORD","N","","","","8","64","165","220",
"1027317","118803","MasA.1x","Op MasA 1x","","UTC","Upper Thames Rowing Club","UTC-CARTER","N","","","","50","198","551","551",
"1027697","118803","MasA.1x","Op MasA 1x","","SON","Sons of the Thames Rowing Club","SON-BRINKER","N","","","","357","357","25","33",
"1027698","118803","MasA.1x","Op MasA 1x","","SON","Sons of the Thames Rowing Club","SON-REYNOLDS","N","","","","285","380","21","82",
"1028182","118803","MasA.1x","Op MasA 1x","","CYG","Cygnet Rowing Club","CYG-SEARS","N","","","","41","66","0","0",
"1028241","118803","MasA.1x","Op MasA 1x","","ABN","Abingdon Rowing Club","ABN-FERGUS","N","","","","0","0","68","68",
"1028294","118803","MasA.1x","Op MasA 1x","","CBR","Bristol, City of, Rowing Club","CBR-PASCOVITCH","N","","","","366","586","66","528",
"1028296","118803","MasA.1x","Op MasA 1x","","CBR","Bristol, City of, Rowing Club","CBR-WADSWORTH","N","","","","395","395","14","54",
"1028326","118803","MasA.1x","Op MasA 1x","","LEA","Lea Rowing Club","LEA-CARDELLA","N","","","","49","56","90","180",
"1028549","118803","MasA.1x","Op MasA 1x","","","Dubai Rowing & Sculling Club","-CLEMENTS","N","","A","","0","0","0","0",
"1028708","118803","MasA.1x","Op MasA 1x","","TSS","Tideway Scullers School","TSS-BECKETT","N","","","","581","581","376","376",
"1028709","118803","MasA.1x","Op MasA 1x","","TSS","Tideway Scullers School","TSS-BLAKE","N","","","","523","698","578","578",
"1028718","118803","MasA.1x","Op MasA 1x","","TSS","Tideway Scullers School","TSS-MCORIST","N","","","","0","0","99","158",
"1028720","118803","MasA.1x","Op MasA 1x","","TSS","Tideway Scullers School","TSS-DUNLEY","N","","","","0","0","49","97",
"1028721","118803","MasA.1x","Op MasA 1x","","TSS","Tideway Scullers School","TSS-RIDLER","N","","","","484","484","143","1144",
"1028722","118803","MasA.1x","Op MasA 1x","","TSS","Tideway Scullers School","TSS-O'REILLY","N","","","","126","126","322","858",
"1028735","118803","MasA.1x","Op MasA 1x","","TSS","Tideway Scullers School","TSS-WILKOJC","N","","","","406","406","279","742",
"1028955","118803","MasA.1x","Op MasA 1x","","CFA","Cardiff University Alumni Rowing Club","CFA-GEORGE","N","","","","31","36","102","102",
"1028987","118803","MasA.1x","Op MasA 1x","","MBC","Molesey Boat Club","MBC-BROADEST","N","","","","413","413","9","36",
"1029095","118803","MasA.1x","Op MasA 1x","","TSS","Tideway Scullers School","TSS-SANDERS","N","","","","0","0","9","70",
"1029727","118803","MasA.1x","Op MasA 1x","","VRC","Vesta Rowing Club","VRC-TURNER","N","","","","15","40","0","0",
"1026862","118804","MasB.1x","Op MasB 1x","","TTR","Thames Tradesmen's Rowing Club","TTR-DODD","N","","","","88","176","95","95",
"1027055","118804","MasB.1x","Op MasB 1x","","TKC","Team Keane Sculling School","TKC-KEANE","N","","A","","0","0","310","310",
"1027057","118804","MasB.1x","Op MasB 1x","","MON","Monmouth Rowing Club","MON-BUTLER","N","","","","262","262","210","210",
"1027135","118804","MasB.1x","Op MasB 1x","","HEN","Henley Rowing Club","HEN-HILLYARD","N","","","","0","0","58","231",
"1027156","118804","MasB.1x","Op MasB 1x","","TRC","Thames Rowing Club","TRC-YATES","N","","A","","177","708","149","297",
"1027163","118804","MasB.1x","Op MasB 1x","","LER","Leicester Rowing Club","LER-SMITH","N","","","","0","0","555","555",
"1027699","118804","MasB.1x","Op MasB 1x","","SON","Sons of the Thames Rowing Club","SON-CROFORD","N","","","","4","28","0","0",
"1027767","118804","MasB.1x","Op MasB 1x","","ETX","Eton Excelsior Rowing Club","ETX-SUTTON","N","","","","28","112","22","44",
"1027784","118804","MasB.1x","Op MasB 1x","","MBC","Molesey Boat Club","MBC-MCLELLAN","N","","","","185","370","96","96",
"1027850","118804","MasB.1x","Op MasB 1x","","TWK","Twickenham Rowing Club","TWK-KOLIMECHKOV","N","","","","0","0","245","245",
"1028009","118804","MasB.1x","Op MasB 1x","","MON","Monmouth Rowing Club","MON-COLLING","N","","L","","151","173","169","169",
"1028180","118804","MasB.1x","Op MasB 1x","","CYG","Cygnet Rowing Club","CYG-PIGUET","N","","","","69","69","25","49",
"1028234","118804","MasB.1x","Op MasB 1x","","MBC","Molesey Boat Club","MBC-MIDDLETON","N","","","","128","341","108","430",
"1028419","118804","MasB.1x","Op MasB 1x","","EXE","Exeter Rowing Club Ltd","EXE-ROWSE","N","","","","0","0","344","344",
"1028440","118804","MasB.1x","Op MasB 1x","","AKN","Auriol Kensington Rowing Club","AKN-VON KALTENBORN","N","","","","0","0","159","424",
"1028763","118804","MasB.1x","Op MasB 1x","","CUR","Curlew Rowing Club","CUR-SCOTT","N","","","","335","335","0","0",
"1028780","118804","MasB.1x","Op MasB 1x","","SON","Sons of the Thames Rowing Club","SON-FODEN","N","","","","193","221","15","118",
"1028862","118804","MasB.1x","Op MasB 1x","","CBR","Bristol, City of, Rowing Club","CBR-Friedemann","N","","","","129","344","53","209",
"1028964","118804","MasB.1x","Op MasB 1x","","UES","Essex, University of, Rowing Club","UES-ZIMMERMAN","N","","A","","0","0","18","70",
"1029114","118804","MasB.1x","Op MasB 1x","","PTR","Putney Town Rowing Club","Hickling","N","","","","103","137","75","198",
"1029655","118804","MasB.1x","Op MasB 1x","","BRX","Broxbourne Rowing Club","BRX-SCORAH","N","","","","61","242","94","374",
"1029714","118804","MasB.1x","Op MasB 1x","","VRC","Vesta Rowing Club","VRC-MCGOVERN","N","","","","0","0","66","261",
"1029738","118804","MasB.1x","Op MasB 1x","","HEN","Henley Rowing Club","HEN-JACOB","N","","","","0","0","129","172",
"1029739","118804","MasB.1x","Op MasB 1x","","HEN","Henley Rowing Club","HEN-HARSANT","N","","","","21","84","245","245",
"1029742","118804","MasB.1x","Op MasB 1x","","HEN","Henley Rowing Club","HEN-ADMIRAAL","N","","","","187","187","339","339",
"1029813","118804","MasB.1x","Op MasB 1x","","PBD","Poplar Blackwall & District Rowing Club","PBD-ANTAR","N","","","","0","0","49","97",
"1026819","118805","MasC.1x","Op MasC 1x","","NST","North Staffordshire Rowing Club","NST-SILVESTER","N","","","","0","0","105","105",
"1026859","118805","MasC.1x","Op MasC 1x","","TTR","Thames Tradesmen's Rowing Club","Reynolds","N","","","","0","0","0","0",
"1027157","118805","MasC.1x","Op MasC 1x","","TRC","Thames Rowing Club","TRC-ANDREESEN","N","","","","49","131","2","16",
"1027162","118805","MasC.1x","Op MasC 1x","","MAR","Marlow Rowing Club","MAR-GARNETT","N","","","","55","88","1","8",
"1027488","118805","MasC.1x","Op MasC 1x","","BLD","Broadland Boat Club","BLD-DAVIES","N","","","","0","0","33","33",
"1027597","118805","MasC.1x","Op MasC 1x","","ETX","Eton Excelsior Rowing Club","ETX-WILLIAMS","N","","","","5","40","168","168",
"1027849","118805","MasC.1x","Op MasC 1x","","UTC","Upper Thames Rowing Club","UTC-SENIOR","N","","","","394","394","39","104",
"1027852","118805","MasC.1x","Op MasC 1x","","MAR","Marlow Rowing Club","MAR-THOMAS","N","","","","0","0","0","0",
"1028179","118805","MasC.1x","Op MasC 1x","","CYG","Cygnet Rowing Club","CYG-PRETZLIK","N","","","","4","28","2","7",
"1028185","118805","MasC.1x","Op MasC 1x","","CYG","Cygnet Rowing Club","CYG-RAE","N","","","","64","73","22","176",
"1028364","118805","MasC.1x","Op MasC 1x","","RDG","Reading Rowing Club","RDG-CONEYBEARE","N","","","","195","312","52","137",
"1028422","118805","MasC.1x","Op MasC 1x","","YRK","York City Rowing Club","YRK-BARON","N","","","","61","61","144","144",
"1028464","118805","MasC.1x","Op MasC 1x","","LRC","London Rowing Club","LRC-GRACE","N","","","","0","0","0","0",
"1028557","118805","MasC.1x","Op MasC 1x","","","Dubai Rowing & Sculling Club","-BRAMLEY","N","","A","","0","0","0","0",
"1028565","118805","MasC.1x","Op MasC 1x","","MAV","Maidstone Invicta Rowing Club","MAV-HUMPHRIS","N","","","","186","186","272","272",
"1028685","118805","MasC.1x","Op MasC 1x","","FSC","Furnivall Sculling Club","FSC-HELLIER","N","","","","0","0","181","481",
"1028727","118805","MasC.1x","Op MasC 1x","","BRX","Broxbourne Rowing Club","BRX-BIELBY","N","","","","116","186","56","64",
"1028729","118805","MasC.1x","Op MasC 1x","","BRX","Broxbourne Rowing Club","BRX-HARRIS","N","","","","61","242","267","533",
"1028756","118805","MasC.1x","Op MasC 1x","","CAB","Cantabrigian Rowing Club","CAB-MORLEY","N","","","","27","106","146","146",
"1028859","118805","MasC.1x","Op MasC 1x","","WAR","Warwick Boat Club","WAR-ROTKOP","N","","","","0","0","0","0",
"1028948","118805","MasC.1x","Op MasC 1x","","ARD","Ardingly Rowing Club","ARD-DOMBROWE","N","","","","25","49","425","425",
"1029128","118805","MasC.1x","Op MasC 1x","","MBC","Molesey Boat Club","MBC-BELLAMY","N","","","","313","501","4","32",
"1029309","118805","MasC.1x","Op MasC 1x","","TSS","Tideway Scullers School","TSS-NEWTON","N","","","","106","212","104","208",
"1029628","118805","MasC.1x","Op MasC 1x","","MBC","Molesey Boat Club","MBC-SHIRLEY","N","","","","331","530","243","648",
"1029652","118805","MasC.1x","Op MasC 1x","","ROB","Rob Roy Boat Club","ROB-GRAF","N","","","","120","960","194","194",
"1029686","118805","MasC.1x","Op MasC 1x","","PTR","Putney Town Rowing Club","PTR-BOILEAU","N","","","","0","0","257","411",
"1029716","118805","MasC.1x","Op MasC 1x","","VRC","Vesta Rowing Club","VRC-GALAVOTTI","N","","","","444","444","44","348",
"1029741","118805","MasC.1x","Op MasC 1x","","HEN","Henley Rowing Club","HEN-RASEK","N","","","","51","136","120","192",
"1026829","118806","MasD.1x","Op MasD 1x","","MHD","Maidenhead Rowing Club","MHD-STOCKDALE","N","","","","1","8","76","203",
"1026863","118806","MasD.1x","Op MasD 1x","","MHD","Maidenhead Rowing Club","MHD-STEEL","N","","","","180","360","152","152",
"1027008","118806","MasD.1x","Op MasD 1x","","ETX","Eton Excelsior Rowing Club","ETX-LEN","N","","","","28","112","68","68",
"1027009","118806","MasD.1x","Op MasD 1x","","ETX","Eton Excelsior Rowing Club","ETX-FULTON","N","","M","","0","0","45","52",
"1027155","118806","MasD.1x","Op MasD 1x","","RAF","Royal Air Force Rowing Club","Tim Ellis","N","","","","0","0","169","169",
"1027261","118806","MasD.1x","Op MasD 1x","","AKN","Auriol Kensington Rowing Club","AKN-WALKER","N","","","","0","0","5","19",
"1027281","118806","MasD.1x","Op MasD 1x","","QBC","Quintin Boat Club","QBC-ALMAND","N","","","","38","304","26","104",
"1027333","118806","MasD.1x","Op MasD 1x","","BEB","Bewl Bridge Rowing Club","BEB-JAHNICH","N","","","","72","576","426","426",
"1027515","118806","MasD.1x","Op MasD 1x","","NST","North Staffordshire Rowing Club","NST-FOSTER","N","","","","1","6","36","48",
"1027674","118806","MasD.1x","Op MasD 1x","","CBR","Bristol, City of, Rowing Club","CBR-DOWNEY","N","","","","130","260","39","45",
"1028006","118806","MasD.1x","Op MasD 1x","","MON","Monmouth Rowing Club","MON-STEWART-WOODS","N","","","","148","197","283","323",
"1028008","118806","MasD.1x","Op MasD 1x","","BEW","Bewdley Rowing Club","BEW-COLLINGRIDGE","N","","","","13","20","3","10",
"1028108","118806","MasD.1x","Op MasD 1x","","TSS","Tideway Scullers School","TSS-BRIDGER","N","","","","143","143","286","286",
"1028109","118806","MasD.1x","Op MasD 1x","","SON","Sons of the Thames Rowing Club","Dave Dangerous","N","","","","46","368","182","182",
"1028295","118806","MasD.1x","Op MasD 1x","","CBR","Bristol, City of, Rowing Club","CBR-KELLY","N","","","","1","6","11","28",
"1028418","118806","MasD.1x","Op MasD 1x","","EXE","Exeter Rowing Club Ltd","EXE-BYRNES","N","","","","0","0","441","441",
"1028677","118806","MasD.1x","Op MasD 1x","","UTC","Upper Thames Rowing Club","UTC-MARKHAM","N","","","","84","336","71","71",
"1028682","118806","MasD.1x","Op MasD 1x","","CRB","Crabtree Boat Club","CRB-POOLEY","N","","A","","169","676","732","732",
"1028730","118806","MasD.1x","Op MasD 1x","","BRX","Broxbourne Rowing Club","BRX-ALEXANDER","N","","","","79","158","237","473",
"1028734","118806","MasD.1x","Op MasD 1x","","BRX","Broxbourne Rowing Club","BRX-O'PUIRSEIL","N","","","","50","50","7","11",
"1028741","118806","MasD.1x","Op MasD 1x","","CYG","Cygnet Rowing Club","CYG-DU PARC BRAHAM","N","","","","0","0","4","32",
"1028858","118806","MasD.1x","Op MasD 1x","","WAR","Warwick Boat Club","WAR-SIDAWAY","N","","","","0","0","3","12",
"1029145","118806","MasD.1x","Op MasD 1x","","FUL","Fulham Reach Boat Club","FUL-ORECCHIA","N","","","","0","0","0","0",
"1029150","118806","MasD.1x","Op MasD 1x","","PBD","Poplar Blackwall & District Rowing Club","PBD Humprey","N","","","","431","493","277","277",
"1029475","118806","MasD.1x","Op MasD 1x","","PAR","Parr's Priory Rowing Club","Akos Forczek","N","","","","0","0","14","27",
"1029583","118806","MasD.1x","Op MasD 1x","","WBK","Walbrook Rowing Club","WBK-LUKES","N","","","","72","143","150","150",
"1029681","118806","MasD.1x","Op MasD 1x","","TKC","Team Keane Sculling School","Diego","N","","","","0","0","31","42",
"1029695","118806","MasD.1x","Op MasD 1x","","VRC","Vesta Rowing Club","VRC-MAYNARD","N","","","","48","192","82","110",
"1029699","118806","MasD.1x","Op MasD 1x","","MED","Medway Towns Rowing Club","MED-MITCHELHILL","N","","","","2","16","55","55",
"1029820","118806","MasD.1x","Op MasD 1x","","CBR","Bristol, City of, Rowing Club","CBR-PEAKE","N","","","","6","15","11","28",
"1026874","118807","MasE.1x","Op MasE 1x","","WYC","Wycliffe College Boat Club","tone","N","","","","0","0","84","84",
"1026964","118807","MasE.1x","Op MasE 1x","","MAR","Marlow Rowing Club","MAR-GALBRAITH","N","","","","72","83","5","14",
"1026979","118807","MasE.1x","Op MasE 1x","","MAR","Marlow Rowing Club","MAR-LANDERS","N","","","","43","43","6","24",
"1026984","118807","MasE.1x","Op MasE 1x","","TRC","Thames Rowing Club","TRC-MCCONNELL","N","","","","29","232","0","0",
"1026990","118807","MasE.1x","Op MasE 1x","","NWK","Newark Rowing Club","NWK-PRICE","N","","","","146","146","411","411",
"1027018","118807","MasE.1x","Op MasE 1x","","QBC","Quintin Boat Club","QBC-AQUILINA","N","","","","520","520","142","163",
"1027024","118807","MasE.1x","Op MasE 1x","","BEB","Bewl Bridge Rowing Club","BEB-MORRIS J","N","","","","72","576","259","259",
"1027053","118807","MasE.1x","Op MasE 1x","","BEB","Bewl Bridge Rowing Club","BEB-MAUNSELL","N","","","","72","576","134","134",
"1027475","118807","MasE.1x","Op MasE 1x","","MAR","Marlow Rowing Club","MAR-PARSONS","N","","","","106","106","8","20",
"1027547","118807","MasE.1x","Op MasE 1x","","CHA","Champion Of The Thames (Cambridge) RC","CHA-MILLAR","N","","","","0","0","105","105",
"1027689","118807","MasE.1x","Op MasE 1x","","BNT","Bentham Boat Club","BNT-BATES","N","","","","98","261","108","108",
"1027715","118807","MasE.1x","Op MasE 1x","","UPT","Upton Rowing Club","UPT-SCRIVENER","N","","","","306","350","120","120",
"1027806","118807","MasE.1x","Op MasE 1x","","PTR","Putney Town Rowing Club","PTR-DE MARIA","N","","","","152","152","41","47",
"1027807","118807","MasE.1x","Op MasE 1x","","PTR","Putney Town Rowing Club","PTR-DEBOIS","N","","","","65","75","84","84",
"1027815","118807","MasE.1x","Op MasE 1x","","MBC","Molesey Boat Club","MBC-SNELLING","N","","","","189","303","20","54",
"1027976","118807","MasE.1x","Op MasE 1x","","UTC","Upper Thames Rowing Club","UTC-SHIMMIN","N","","","","421","421","371","424",
"1028049","118807","MasE.1x","Op MasE 1x","","NOR","Norwich Rowing Club","NOR-CONWAY","N","","","","0","0","151","151",
"1028196","118807","MasE.1x","Op MasE 1x","","CYG","Cygnet Rowing Club","CYG-PUGH","N","","","","77","77","16","31",
"1028374","118807","MasE.1x","Op MasE 1x","","SON","Sons of the Thames Rowing Club","SON-WHITTLE","N","","","","47","188","112","112",
"1028551","118807","MasE.1x","Op MasE 1x","","LRC","London Rowing Club","LRC-HALFORD","N","","","","260","520","0","0",
"1028562","118807","MasE.1x","Op MasE 1x","","MHD","Maidenhead Rowing Club","MHD-HUDSON","N","","","","0","0","139","139",
"1028591","118807","MasE.1x","Op MasE 1x","","NOR","Norwich Rowing Club","NOR-DAVIES","N","","","","4","10","71","113",
"1028662","118807","MasE.1x","Op MasE 1x","","WLT","Walton Rowing Club","thiemann","N","","","","269","359","57","150",
"1028676","118807","MasE.1x","Op MasE 1x","","GRT","Granta Boat Club","piers copham","N","","","","11","86","73","73",
"1028686","118807","MasE.1x","Op MasE 1x","","NOR","Norwich Rowing Club","NOR-AUDINIS","N","","","","0","0","213","213",
"1028733","118807","MasE.1x","Op MasE 1x","","BRX","Broxbourne Rowing Club","BRX-CROOK","N","","","","218","218","33","53",
"1028986","118807","MasE.1x","Op MasE 1x","","TSS","Tideway Scullers School","TSS-PRIESTLEY","N","","","","207","237","5","38",
"1029012","118807","MasE.1x","Op MasE 1x","","HOL","Hollingworth Lake Rowing Club","HOL-BOOTH","N","","","","1","8","417","417",
"1029013","118807","MasE.1x","Op MasE 1x","","HOL","Hollingworth Lake Rowing Club","HOL-LAWTON","N","","","","0","0","415","415",
"1029038","118807","MasE.1x","Op MasE 1x","","GLR","Gloucester Rowing Club","GLR-LOWE","N","","","","0","0","5","40",
"1029156","118807","MasE.1x","Op MasE 1x","","UTC","Upper Thames Rowing Club","UTRC Hope D","N","","","","243","243","209","209",
"1029248","118807","MasE.1x","Op MasE 1x","","TSS","Tideway Scullers School","TSS-EARNSHAW","N","","","","22","176","0","0",
"1029674","118807","MasE.1x","Op MasE 1x","","WBK","Walbrook Rowing Club","WBK-Thomas","N","","E","","115","115","182","182",
"1029705","118807","MasE.1x","Op MasE 1x","","WLT","Walton Rowing Club","WLT-Adey","N","","","","14","56","157","314",
"1029711","118807","MasE.1x","Op MasE 1x","","TWK","Twickenham Rowing Club","TWK McCarter","N","","A","","97","259","129","172",
"1026828","118808","MasF.1x","Op MasF 1x","","MHD","Maidenhead Rowing Club","MHD-FRICKER","N","","","","6","22","22","44",
"1027016","118808","MasF.1x","Op MasF 1x","","QBC","Quintin Boat Club","QBC-HARRISON","N","","","","132","352","242","277",
"1027101","118808","MasF.1x","Op MasF 1x","","SNE","St Neots Rowing Club","J Farrell","N","","O","","9","36","28","38",
"1027159","118808","MasF.1x","Op MasF 1x","","TRC","Thames Rowing Club","TRC-WATKISS","N","","","","150","172","55","88",
"1027245","118808","MasF.1x","Op MasF 1x","","WLT","Walton Rowing Club","WLT-BISHOP","N","","","","0","0","181","181",
"1027247","118808","MasF.1x","Op MasF 1x","","MAR","Marlow Rowing Club","MAR-DRISCOLL","N","","","","101","101","0","0",
"1027248","118808","MasF.1x","Op MasF 1x","","MAR","Marlow Rowing Club","MAR-PICKIN","N","","","","2","6","50","67",
"1027278","118808","MasF.1x","Op MasF 1x","","FSC","Furnivall Sculling Club","FSC-FERRIS","N","","","","114","228","0","0",
"1027287","118808","MasF.1x","Op MasF 1x","","QBC","Quintin Boat Club","QBC-MEANEY","N","","","","204","233","3","24",
"1027690","118808","MasF.1x","Op MasF 1x","","BNT","Bentham Boat Club","BNT-BAILEY","N","","","","6","48","57","113",
"1027694","118808","MasF.1x","Op MasF 1x","","ABN","Abingdon Rowing Club","ABN-BAKER","N","","","","195","195","92","92",
"1027782","118808","MasF.1x","Op MasF 1x","","MBC","Molesey Boat Club","MBC-RASPIN","N","","","","120","320","58","58",
"1027887","118808","MasF.1x","Op MasF 1x","","TSS","Tideway Scullers School","TSS-ALLOWAY","N","","","","156","312","106","141",
"1028463","118808","MasF.1x","Op MasF 1x","","LRC","London Rowing Club","LRC-SMITHSON","N","","","","144","165","9","17",
"1028654","118808","MasF.1x","Op MasF 1x","","TSS","Tideway Scullers School","TSS-BEST","N","","","","126","126","164","164",
"1028731","118808","MasF.1x","Op MasF 1x","","BRX","Broxbourne Rowing Club","BRX-BATEY","N","","","","0","0","12","23",
"1028786","118808","MasF.1x","Op MasF 1x","","LRC","London Rowing Club","LRC-METCALF","N","","","","0","0","0","0",
"1028951","118808","MasF.1x","Op MasF 1x","","ARD","Ardingly Rowing Club","ARD-RADOSEVIC","N","","","","95","95","243","243",
"1028952","118808","MasF.1x","Op MasF 1x","","ARD","Ardingly Rowing Club","ARD-VINCENT","N","","","","7","18","153","153",
"1028953","118808","MasF.1x","Op MasF 1x","","ARD","Ardingly Rowing Club","ARD-BANKS","N","","","","95","95","178","178",
"1028971","118808","MasF.1x","Op MasF 1x","","GLR","Gloucester Rowing Club","GLR-THORNTON","N","","","","73","73","34","34",
"1029014","118808","MasF.1x","Op MasF 1x","","HOL","Hollingworth Lake Rowing Club","HOL-PRICE","N","","","","117","117","433","433",
"1029015","118808","MasF.1x","Op MasF 1x","","HOL","Hollingworth Lake Rowing Club","HOL-CLAY","N","","","","29","116","36","72",
"1029057","118808","MasF.1x","Op MasF 1x","","TKC","Team Keane Sculling School","TKC-MARSDEN","N","","","","11","29","8","15",
"1029107","118808","MasF.1x","Op MasF 1x","","MHD","Maidenhead Rowing Club","MHD-RICHARDS","N","","","","51","102","91","91",
"1029297","118808","MasF.1x","Op MasF 1x","","MAV","Maidstone Invicta Rowing Club","MAV-PHILLIPS","N","","","","15","24","62","62",
"1029624","118808","MasF.1x","Op MasF 1x","","TSS","Tideway Scullers School","TSS-O'NEILL","N","","","","36","288","9","17",
"1029672","118808","MasF.1x","Op MasF 1x","","MBC","Molesey Boat Club","MBC-CROSS","N","","","","3","22","27","214",
"1027054","118809","MasG.1x","Op MasG 1x","","ZBF","Belfast Boat Club","Stephen Lockwood","N","","Z","","32","128","2","16",
"1027645","118809","MasG.1x","Op MasG 1x","","PTR","Putney Town Rowing Club","PTR-ADAMS","N","","","","57","57","40","80",
"1027646","118809","MasG.1x","Op MasG 1x","","PTR","Putney Town Rowing Club","PTR-ROSE","N","","","","19","22","36","36",
"1027915","118809","MasG.1x","Op MasG 1x","","TSS","Tideway Scullers School","TSS-SWIFT","N","","","","193","386","93","93",
"1028011","118809","MasG.1x","Op MasG 1x","","VRC","Vesta Rowing Club","VRC-MEW","N","","","","151","151","95","95",
"1028219","118809","MasG.1x","Op MasG 1x","","DAT","Dart-Totnes Amateur Rowing Club","DAT-STEWART","N","","","","68","544","46","123",
"1028680","118809","MasG.1x","Op MasG 1x","","PBD","Poplar Blackwall & District Rowing Club","Milligan","N","","","","1","6","36","36",
"1029037","118809","MasG.1x","Op MasG 1x","","GLR","Gloucester Rowing Club","GLR-VENN","N","","","","57","76","54","62",
"1029290","118809","MasG.1x","Op MasG 1x","","TSS","Tideway Scullers School","TSS-WATTS","N","","","","218","349","87","100",
"1027021","118810","MasH.1x","Op MasH 1x","","QBC","Quintin Boat Club","QBC-BISHOP","N","","","","58","155","76","101",
"1027158","118810","MasH.1x","Op MasH 1x","","TRC","Thames Rowing Club","TRC-GARNER","N","","","","0","0","0","0",
"1027396","118810","MasH.1x","Op MasH 1x","","WRC","Wallingford Rowing Club","WRC-MORRIS","N","","","","0","0","0","0",
"1027397","118810","MasH.1x","Op MasH 1x","","WRC","Wallingford Rowing Club","WRC-PARRY","N","","","","61","162","132","132",
"1028220","118810","MasH.1x","Op MasH 1x","","DAT","Dart-Totnes Amateur Rowing Club","DAT-HARRIS","N","","","","68","544","31","49",
"1028539","118810","MasH.1x","Op MasH 1x","","LEA","Lea Rowing Club","LEA-MEARS","N","","","","0","0","2","16",
"1029509","118810","MasH.1x","Op MasH 1x","","CTW","Cotswold Rowing Club","CTW-DAWS","N","","","","94","376","8","32",
"1029531","118811","MasI.1x","Op MasI 1x","","BTC","B T C  (Southampton) Rowing Club","BTC-GREEN","N","","","","0","0","114","114",
"1027342","118797","Sch/Jun.1x","Op Sch/Jun 1x","","WES","Westminster School Boat Club","WES-COWLING","N","","","","500","500","385","385",
"1027344","118797","Sch/Jun.1x","Op Sch/Jun 1x","","WES","Westminster School Boat Club","WES-SWANN","N","","","","557","557","324","324",
"1027345","118797","Sch/Jun.1x","Op Sch/Jun 1x","","WES","Westminster School Boat Club","WES-MIDDLETON","N","","","","346","461","441","441",
"1027349","118797","Sch/Jun.1x","Op Sch/Jun 1x","","WES","Westminster School Boat Club","WES-DEETMAN","N","","","","323","369","438","438",
"1027351","118797","Sch/Jun.1x","Op Sch/Jun 1x","","WES","Westminster School Boat Club","WES-BARROW","N","","","","146","291","312","499",
"1027367","118797","Sch/Jun.1x","Op Sch/Jun 1x","","TSS","Tideway Scullers School","TSS-JOSS","N","","","","231","231","632","632",
"1027370","118797","Sch/Jun.1x","Op Sch/Jun 1x","","TSS","Tideway Scullers School","TSS-LEWIS","N","","","","7","28","99","99",
"1027530","118797","Sch/Jun.1x","Op Sch/Jun 1x","","GLB","Globe Rowing Club","GLB-OFFILER","N","","A","","2","16","547","547",
"1027531","118797","Sch/Jun.1x","Op Sch/Jun 1x","","GLB","Globe Rowing Club","GLB-RICHARDSON","N","","B","","2","16","349","349",
"1028005","118797","Sch/Jun.1x","Op Sch/Jun 1x","","CHE","Cheltenham College Boat Club","CHE-OGLINA","N","","","","4","11","0","0",
"1028151","118797","Sch/Jun.1x","Op Sch/Jun 1x","","SPS","St Pauls School Boat Club","SPS-TARCZY","N","","","","814","814","256","342",
"1028153","118797","Sch/Jun.1x","Op Sch/Jun 1x","","SPS","St Pauls School Boat Club","SPS-LANGSTONE-BOLT-2","N","","","","914","914","199","531",
"1028158","118797","Sch/Jun.1x","Op Sch/Jun 1x","","SPS","St Pauls School Boat Club","SPS-MATTMOE","N","","","","488","488","145","193",
"1028277","118797","Sch/Jun.1x","Op Sch/Jun 1x","","SPS","St Pauls School Boat Club","SPS-DEERING","N","","","","842","842","142","189",
"1028281","118797","Sch/Jun.1x","Op Sch/Jun 1x","","SPS","St Pauls School Boat Club","SPS-SMITH","N","","","","63","252","153","204",
"1028566","118797","Sch/Jun.1x","Op Sch/Jun 1x","","MAV","Maidstone Invicta Rowing Club","MAV-HUMPHRIS-2","N","","","","55","73","30","30",
"1028567","118797","Sch/Jun.1x","Op Sch/Jun 1x","","MAV","Maidstone Invicta Rowing Club","MAV-ROSE","N","","","","89","102","63","63",
"1028568","118797","Sch/Jun.1x","Op Sch/Jun 1x","","MAV","Maidstone Invicta Rowing Club","MAV-PEEL","N","","","","42","111","60","60",
"1028681","118797","Sch/Jun.1x","Op Sch/Jun 1x","","TSS","Tideway Scullers School","TSS-MUMMERY","N","","","","0","0","115","115",
"1029016","118797","Sch/Jun.1x","Op Sch/Jun 1x","","HOL","Hollingworth Lake Rowing Club","HOL-SWITHENBANK","N","","","","1","8","539","539",
"1029081","118797","Sch/Jun.1x","Op Sch/Jun 1x","","SHP","Shiplake College Boat Club","SHP-NEWTON","N","","","","537","537","232","232",
"1029205","118797","Sch/Jun.1x","Op Sch/Jun 1x","","SHP","Shiplake College Boat Club","SHP-HOLBROUGH","N","","","","234","312","398","398",
"1029634","118797","Sch/Jun.1x","Op Sch/Jun 1x","","KCA","Kings School Canterbury, The, Boat Club","KCA-EDGAR,","N","","A","","142","142","169","169",
"1029642","118797","Sch/Jun.1x","Op Sch/Jun 1x","","BAE","Barn Elms Rowing Club","BAE-POULSON","N","","","","0","0","41","66",
"1029737","118797","Sch/Jun.1x","Op Sch/Jun 1x","","HEN","Henley Rowing Club","HEN-REID","N","","","","0","0","256","256",
"1029750","118797","Sch/Jun.1x","Op Sch/Jun 1x","","GHP","Gloucester Hartpury","GHP-CARTWRIGHT","N","","","","4","32","140","187",
"1029791","118797","Sch/Jun.1x","Op Sch/Jun 1x","","WBS","Windsor Boys School, The, Boat Club","WBS-ELLERY","N","","A","","10","76","663","663",
"1028515","118793","U23.1x","Op U23 1x","","MBC","Molesey Boat Club","MBC-COWLEY","N","","","","301","301","375","375",
"1028679","118793","U23.1x","Op U23 1x","","GRF","Greenbank Falmouth Rowing Club","GRF-WILKINSON","N","","","","171","228","128","512",
"1028957","118793","U23.1x","Op U23 1x","","TRC","Thames Rowing Club","TRC-YOUELL","N","","","","534","534","76","608",
"1029123","118793","U23.1x","Op U23 1x","","UES","Essex, University of, Rowing Club","UES-ZULFIKARPASIC","N","","B","","0","0","0","0",
"1029712","118793","U23.1x","Op U23 1x","","CFU","Cardiff University Boat Club","CFU-BANNISTER","N","","","","72","288","41","54",
"1029734","118793","U23.1x","Op U23 1x","","IMP","Imperial College Boat Club","IMP-BENTLEY","N","","","","751","751","0","0",
"1029735","118793","U23.1x","Op U23 1x","","IMP","Imperial College Boat Club","IMP-HEATON","N","","","","754","754","213","568",
"1029736","118793","U23.1x","Op U23 1x","","IMP","Imperial College Boat Club","IMP-WOODS","N","","","","1003","1003","137","364",
"1029747","118793","U23.1x","Op U23 1x","","IMP","Imperial College Boat Club","IMP-KINNIER WILSON","N","","","","567","567","96","191",
"1029748","118793","U23.1x","Op U23 1x","","IMP","Imperial College Boat Club","IMP-KAHOL DE JONG","N","","","","0","0","0","0",
"1029752","118793","U23.1x","Op U23 1x","","NRC","Nottingham Rowing Club","NRC-RYMELL","N","","","","137","183","155","310",
"1029755","118793","U23.1x","Op U23 1x","","NRC","Nottingham Rowing Club","NRC-DOLEMAN","N","","","","138","138","219","219",
"1029784","118793","U23.1x","Op U23 1x","","CHB","Christ Church Boat Club","CHB-MERTON","N","","","","125","333","0","0",
"1029796","118793","U23.1x","Op U23 1x","","UYO","York, University of, Boat Club","UYO-NESOM","N","","","","26","52","0","0",
"1026881","118794","W.1x","W 1x","","TSS","Tideway Scullers School","Terry","N","","","","760","760","0","0",
"1027012","118794","W.1x","W 1x","","TSS","Tideway Scullers School","TSS-RAWLINS","N","","","","277","1108","240","240",
"1027081","118794","W.1x","W 1x","","TSS","Tideway Scullers School","TSS-REISER","N","","","","638","638","159","254",
"1027260","118794","W.1x","W 1x","","AKN","Auriol Kensington Rowing Club","AKN-CANN","N","","","","6","44","67","179",
"1027618","118794","W.1x","W 1x","","AKN","Auriol Kensington Rowing Club","AKN-HITCHENS","N","","","","596","596","73","117",
"1027664","118794","W.1x","W 1x","","CAB","Cantabrigian Rowing Club","CAB-HENDY","N","","","","29","115","13","20",
"1027723","118794","W.1x","W 1x","","TYN","Tyne Amateur Rowing Club","TYN-CLACK","N","","","","223","255","163","218",
"1027820","118794","W.1x","W 1x","","PHS","Putney High School Rowing Club","PHS-BANTICK","N","","","","70","70","6","12",
"1027821","118794","W.1x","W 1x","","PHS","Putney High School Rowing Club","PHS-GRADIDGE","N","","","","226","226","5","13",
"1027823","118794","W.1x","W 1x","","PHS","Putney High School Rowing Club","PHS-HEAD","N","","","","35","35","29","29",
"1027828","118794","W.1x","W 1x","","PHS","Putney High School Rowing Club","PHS-THOMAS","N","","","","16","31","34","46",
"1028060","118794","W.1x","W 1x","","TRC","Thames Rowing Club","TRC-JACKSON","N","","","","476","544","409","409",
"1028140","118794","W.1x","W 1x","","SRC","Sudbury Rowing Club","SRC-TITTERINGTON","N","","","","65","104","160","160",
"1028228","118794","W.1x","W 1x","","IPS","Ipswich Rowing Club","IPS-GOODCHILD","N","","","","0","0","121","323",
"1028240","118794","W.1x","W 1x","","MAA","Mortlake Anglian & Alpha Boat Club","MAA-DADLANI","N","","","","17","34","0","0",
"1028417","118794","W.1x","W 1x","","EXE","Exeter Rowing Club Ltd","EXE-JUKES","N","","","","0","0","7","28",
"1028433","118794","W.1x","W 1x","","VRC","Vesta Rowing Club","VRC-LENNOX","N","","","","222","222","148","148",
"1028513","118794","W.1x","W 1x","","MBC","Molesey Boat Club","MBC-MCDONALD","N","","","","620","827","136","542",
"1028958","118794","W.1x","W 1x","","TRC","Thames Rowing Club","TRC-WHITTAKER","N","","","","13","52","203","325",
"1029047","118794","W.1x","W 1x","","WAD","Wadham College Boat Club","WAD-HALL","N","","","","0","0","349","349",
"1029201","118794","W.1x","W 1x","","MAA","Mortlake Anglian & Alpha Boat Club","MAA-PUGH","N","","","","53","212","36","58",
"1029299","118794","W.1x","W 1x","","WBK","Walbrook Rowing Club","WBK-GALLAGHER","N","","","","0","0","247","247",
"1029308","118794","W.1x","W 1x","","GTM","Green Templeton Boat Club","GTM-BROLIH","N","","","","129","148","0","0",
"1029630","118794","W.1x","W 1x","","MAA","Mortlake Anglian & Alpha Boat Club","MAA-ENGELSMAN","N","","","","58","155","124","199",
"1029635","118794","W.1x","W 1x","","WRC","Wallingford Rowing Club","WRC-DUFF","N","","","","260","347","0","0",
"1029636","118794","W.1x","W 1x","","WRC","Wallingford Rowing Club","WRC-PANAGOULIA","N","","","","0","0","19","30",
"1029657","118794","W.1x","W 1x","","VRC","Vesta Rowing Club","VRC-LARKIN","N","","","","390","390","19","150",
"1029687","118794","W.1x","W 1x","","LEA","Lea Rowing Club","LEA-FUTORYANOVA","N","","","","97","129","476","476",
"1029692","118794","W.1x","W 1x","","VRC","Vesta Rowing Club","VRC-WOOD-2","N","","","","201","201","114","228",
"1029693","118794","W.1x","W 1x","","VRC","Vesta Rowing Club","VRC-MCKELLAR","N","","","","321","321","25","198",
"1029694","118794","W.1x","W 1x","","VRC","Vesta Rowing Club","VRC-HALSTED","N","","","","71","142","12","32",
"1029708","118794","W.1x","W 1x","","PTR","Putney Town Rowing Club","PTR-BOWDEN","N","","","","218","436","37","296",
"1029709","118794","W.1x","W 1x","","PTR","Putney Town Rowing Club","PTR-GOWAN","N","","","","260","260","37","296",
"1029728","118794","W.1x","W 1x","","VRC","Vesta Rowing Club","VRC-ADAMS","N","","","","0","0","19","25",
"1029765","118794","W.1x","W 1x","","MAR","Marlow Rowing Club","MAR-WEATHERALL","N","","","","18","70","95","151",
"1027256","118802","W.J16.1x","W J16 1x","","SPG","St Pauls Girls School Boat Club","SPG-STUART-SMITH","N","","","","0","0","4","16",
"1027464","118802","W.J16.1x","W J16 1x","","TSS","Tideway Scullers School","TSS-LACK","N","","","","148","592","292","292",
"1027465","118802","W.J16.1x","W J16 1x","","TSS","Tideway Scullers School","TSS-MAVRA","N","","","","78","156","250","250",
"1027526","118802","W.J16.1x","W J16 1x","","GLB","Globe Rowing Club","GLB-RICHARDS","N","","A","","0","0","18","29",
"1027647","118802","W.J16.1x","W J16 1x","","SPG","St Pauls Girls School Boat Club","SPG-HUMPHRIS","N","","","","5","20","1","8",
"1027824","118802","W.J16.1x","W J16 1x","","PHS","Putney High School Rowing Club","PHS-BRIDGES","N","","","","31","50","147","147",
"1027825","118802","W.J16.1x","W J16 1x","","PHS","Putney High School Rowing Club","PHS-WICKHA","N","","","","25","40","59","59",
"1027826","118802","W.J16.1x","W J16 1x","","PHS","Putney High School Rowing Club","PHS-FRANCIS","N","","","","33","44","139","139",
"1027827","118802","W.J16.1x","W J16 1x","","PHS","Putney High School Rowing Club","PHS-DE GROOT","N","","","","33","44","28","74",
"1029113","118802","W.J16.1x","W J16 1x","","TSS","Tideway Scullers School","TSS-WHITE","N","","","","14","56","231","231",
"1029259","118802","W.J16.1x","W J16 1x","","ARC","Ardingly College Boat Club","ARC-WARREN","N","","","","0","0","109","125",
"1029587","118802","W.J16.1x","W J16 1x","","SPG","St Pauls Girls School Boat Club","SPG-PACE","N","","","","4","32","1","8",
"1029654","118802","W.J16.1x","W J16 1x","","MAV","Maidstone Invicta Rowing Club","MAV-PARSLER","N","","","","36","142","49","49",
"1027255","118801","W.J17.1x","W J17 1x","","SPG","St Pauls Girls School Boat Club","SPG-NOADES","N","","","","45","90","133","354",
"1027257","118801","W.J17.1x","W J17 1x","","SPG","St Pauls Girls School Boat Club","SPG-STRONG","N","","","","139","139","92","148",
"1027462","118801","W.J17.1x","W J17 1x","","TSS","Tideway Scullers School","TSS-O'KEEFFE","N","","","","0","0","121","968",
"1027702","118801","W.J17.1x","W J17 1x","","ETX","Eton Excelsior Rowing Club","ETX-DONALDSON","N","","","","0","0","228","228",
"1027817","118801","W.J17.1x","W J17 1x","","PHS","Putney High School Rowing Club","PHS-MILES","N","","","","278","278","88","234",
"1027818","118801","W.J17.1x","W J17 1x","","PHS","Putney High School Rowing Club","PHS-ZEDDA JAMES","N","","","","247","247","89","178",
"1027819","118801","W.J17.1x","W J17 1x","","PHS","Putney High School Rowing Club","PHS-MOORE","N","","","","268","268","13","17",
"1027822","118801","W.J17.1x","W J17 1x","","PHS","Putney High School Rowing Club","PHS-MAINI","N","","","","224","224","42","83",
"1028560","118801","W.J17.1x","W J17 1x","","SRC","Sudbury Rowing Club","SRC-MOULE","N","","","","61","98","71","71",
"1029155","118801","W.J17.1x","W J17 1x","","WLT","Walton Rowing Club","WLT-STENNING","N","","","","26","208","313","313",
"1029644","118801","W.J17.1x","W J17 1x","","WLT","Walton Rowing Club","WLT-POOLE-2","N","","","","66","264","183","183",
"1029653","118801","W.J17.1x","W J17 1x","","MAV","Maidstone Invicta Rowing Club","MAV-MACMAHON","N","","","","69","110","65","65",
"1029703","118801","W.J17.1x","W J17 1x","","MAV","Maidstone Invicta Rowing Club","MAV-MILEHAM","N","","","","66","176","65","65",
"1026885","118795","W.Lwt.1x","W Lwt 1x","","TSS","Tideway Scullers School","Carlton","N","","","","293","782","430","430",
"1026889","118795","W.Lwt.1x","W Lwt 1x","","TUN","Taunton Rowing Club","TUN-HALLETT","N","","","","0","0","64","64",
"1026969","118795","W.Lwt.1x","W Lwt 1x","","CAB","Cantabrigian Rowing Club","CAB-PLUNKETT","N","","","","51","59","204","204",
"1027065","118795","W.Lwt.1x","W Lwt 1x","","TSS","Tideway Scullers School","TSS-POTTER","N","","","","676","676","312","623",
"1027080","118795","W.Lwt.1x","W Lwt 1x","","TSS","Tideway Scullers School","TSS-WAGSTAFF","N","","","","540","540","11","86",
"1027696","118795","W.Lwt.1x","W Lwt 1x","","PET","Peterborough City Rowing Club","PET-PLUMB","N","","","","0","0","424","424",
"1027742","118795","W.Lwt.1x","W Lwt 1x","","BED","Bedford Rowing Club","Bed-Shreeves","N","","","","0","0","91","91",
"1027768","118795","W.Lwt.1x","W Lwt 1x","","MAA","Mortlake Anglian & Alpha Boat Club","MAA-SACRE","N","","","","65","174","152","152",
"1028430","118795","W.Lwt.1x","W Lwt 1x","","STN","Staines Boat Club","STN-COLE","N","","","","72","192","5","40",
"1028777","118795","W.Lwt.1x","W Lwt 1x","","TRC","Thames Rowing Club","TRC-PERRY","N","","","","299","399","477","477",
"1028778","118795","W.Lwt.1x","W Lwt 1x","","TRC","Thames Rowing Club","TRC-STYLES","N","","","","206","412","167","334",
"1029124","118795","W.Lwt.1x","W Lwt 1x","","UES","Essex, University of, Rowing Club","UES-CHARALAMBOUS","N","","S","","10","40","0","0",
"1029146","118795","W.Lwt.1x","W Lwt 1x","","FUL","Fulham Reach Boat Club","FUL-OGGER","N","","","","114","456","0","0",
"1029175","118795","W.Lwt.1x","W Lwt 1x","","UBR","Bristol, University of, Boat Club","UBR-TIJSSEN","N","","","","232","371","40","54",
"1029181","118795","W.Lwt.1x","W Lwt 1x","","WRC","Wallingford Rowing Club","WRC-WILSON","N","","","","10","76","193","309",
"1029185","118795","W.Lwt.1x","W Lwt 1x","","WRC","Wallingford Rowing Club","WRC-LEWIS","N","","","","0","0","70","112",
"1029707","118795","W.Lwt.1x","W Lwt 1x","","PTR","Putney Town Rowing Club","PTR-CARTER","N","","","","0","0","0","0",
"1029756","118795","W.Lwt.1x","W Lwt 1x","","IMP","Imperial College Boat Club","IMP-ROWE","N","","","","32","86","92","184",
"1029758","118795","W.Lwt.1x","W Lwt 1x","","KCL","Kings College London Boat Club","Joanna Brown","N","","","","101","269","0","0",
"1027138","118814","W.MasA.1x","W MasA 1x","","WEY","Weybridge Rowing Club","Ferlez","N","","","","89","143","101","101",
"1027667","118814","W.MasA.1x","W MasA 1x","","BBL","Barnes Bridge Ladies Rowing Club","BBL-KUNERT","N","","","","232","310","119","136",
"1028010","118814","W.MasA.1x","W MasA 1x","","MON","Monmouth Rowing Club","MON-THOMAS","N","","","","0","0","9","24",
"1028067","118814","W.MasA.1x","W MasA 1x","","ABN","Abingdon Rowing Club","ABN-HALL","N","","","","5","17","27","70",
"1029004","118814","W.MasA.1x","W MasA 1x","","YRK","York City Rowing Club","YRK-REZACOVA","N","","","","51","102","227","227",
"1029125","118814","W.MasA.1x","W MasA 1x","","TSS","Tideway Scullers School","TSS-WALTERS","N","","","","418","669","290","580",
"1029190","118814","W.MasA.1x","W MasA 1x","","PTR","Putney Town Rowing Club","PTR-SHEPHERD","N","","","","240","240","54","62",
"1029621","118814","W.MasA.1x","W MasA 1x","","TSS","Tideway Scullers School","TSS-NORGATE","N","","","","199","228","84","134",
"1026910","118815","W.MasB.1x","W MasB 1x","","TRC","Thames Rowing Club","TRC-HARRIS","N","","","","234","468","167","334",
"1027084","118815","W.MasB.1x","W MasB 1x","","BBL","Barnes Bridge Ladies Rowing Club","BBL-BALDWIN","N","","","","184","491","303","303",
"1027244","118815","W.MasB.1x","W MasB 1x","","WLT","Walton Rowing Club","WLT-JACKSON","N","","","","114","912","294","294",
"1027680","118815","W.MasB.1x","W MasB 1x","","TSS","Tideway Scullers School","TSS-EISDELL","N","","","","19","152","38","102",
"1027812","118815","W.MasB.1x","W MasB 1x","","RDG","Reading Rowing Club","RDG-REEMAN","N","","","","337","337","64","64",
"1027930","118815","W.MasB.1x","W MasB 1x","","TKC","Team Keane Sculling School","TKC-KEANE-2","N","","","","173","173","105","105",
"1028206","118815","W.MasB.1x","W MasB 1x","","LEA","Lea Rowing Club","LEA-BENSON-SKAILES","N","","","","301","301","90","360",
"1028416","118815","W.MasB.1x","W MasB 1x","","EXE","Exeter Rowing Club Ltd","EXE-SANDERS","N","","","","127","1016","223","223",
"1029050","118815","W.MasB.1x","W MasB 1x","","ABN","Abingdon Rowing Club","ABN-ASHTON","N","","","","1","8","269","269",
"1029154","118815","W.MasB.1x","W MasB 1x","","TSS","Tideway Scullers School","TSS-STUTTERS","N","","","","4","32","0","0",
"1029191","118815","W.MasB.1x","W MasB 1x","","PTR","Putney Town Rowing Club","PTR-CARBOO","N","","","","427","427","136","136",
"1029690","118815","W.MasB.1x","W MasB 1x","","CFC","Cardiff City Rowing Club","CFC-MARSHALL","N","","","","0","0","24","48",
"1026673","118816","W.MasC.1x","W MasC 1x","","MAA","Mortlake Anglian & Alpha Boat Club","MAA-RAMSDEN","N","","","","219","583","416","416",
"1027010","118816","W.MasC.1x","W MasC 1x","","ETX","Eton Excelsior Rowing Club","ETX-SIMPSON","N","","","","40","105","6","23",
"1027083","118816","W.MasC.1x","W MasC 1x","","BBL","Barnes Bridge Ladies Rowing Club","BBL-POWELL","N","","","","142","379","97","156",
"1027505","118816","W.MasC.1x","W MasC 1x","","MAA","Mortlake Anglian & Alpha Boat Club","MAA-CASSINI","N","","","","132","528","13","35",
"1027669","118816","W.MasC.1x","W MasC 1x","","MAA","Mortlake Anglian & Alpha Boat Club","MAA-BRASS","N","","","","168","448","141","161",
"1027785","118816","W.MasC.1x","W MasC 1x","","TKC","Team Keane Sculling School","TKC-PONTES DE FREITAS","N","","","","110","147","6","15",
"1027872","118816","W.MasC.1x","W MasC 1x","","STA","Star Club","STA-ARMSTRONG","N","","","","0","0","252","336",
"1028544","118816","W.MasC.1x","W MasC 1x","","WRC","Wallingford Rowing Club","Christy Job","N","","","","0","0","75","75",
"1028762","118816","W.MasC.1x","W MasC 1x","","AKN","Auriol Kensington Rowing Club","AKN-RAFFAELE","N","","","","180","180","84","112",
"1028962","118816","W.MasC.1x","W MasC 1x","","CBR","Bristol, City of, Rowing Club","CBR-FULLMAN","N","","","","114","912","191","191",
"1028996","118816","W.MasC.1x","W MasC 1x","","WLT","Walton Rowing Club","WLT-POOLE","N","","","","76","203","101","101",
"1029510","118816","W.MasC.1x","W MasC 1x","","HSB","HSBC Rowing Club","HSB-NIDAI","N","","","","0","0","36","58",
"1029553","118816","W.MasC.1x","W MasC 1x","","VRC","Vesta Rowing Club","VRC-LALIBERTE","N","","","","0","0","0","0",
"1029726","118816","W.MasC.1x","W MasC 1x","","TSS","Tideway Scullers School","TSS-TALBOTT","N","","","","25","33","22","88",
"1027002","118817","W.MasD.1x","W MasD 1x","","LEA","Lea Rowing Club","LEA-SNAITH","N","","","","385","385","0","0",
"1027250","118817","W.MasD.1x","W MasD 1x","","TWK","Twickenham Rowing Club","TWK-FADLON","N","","","","23","92","95","95",
"1027283","118817","W.MasD.1x","W MasD 1x","","TSS","Tideway Scullers School","TSS-HICKMOTT","N","","","","0","0","264","264",
"1027673","118817","W.MasD.1x","W MasD 1x","","TSS","Tideway Scullers School","TSS-ROBINS","N","","","","58","155","304","304",
"1027675","118817","W.MasD.1x","W MasD 1x","","MAR","Marlow Rowing Club","MAR-RICE","N","","","","268","429","27","71",
"1027695","118817","W.MasD.1x","W MasD 1x","","ABN","Abingdon Rowing Club","ABN-BAKER-2","N","","","","0","0","111","111",
"1028863","118817","W.MasD.1x","W MasD 1x","","ETX","Eton Excelsior Rowing Club","ETX-JOHNSON","N","","","","0","0","280","280",
"1028916","118817","W.MasD.1x","W MasD 1x","","WLT","Walton Rowing Club","WLT-FLOWERDEW","N","","","","18","72","10","25",
"1029005","118817","W.MasD.1x","W MasD 1x","","YRK","York City Rowing Club","YRK-HOMA","N","","","","150","150","139","139",
"1029631","118817","W.MasD.1x","W MasD 1x","","MAR","Marlow Rowing Club","MAR-ALLARD","N","","","","85","170","9","17",
"1026676","118818","W.MasE.1x","W MasE 1x","","MAA","Mortlake Anglian & Alpha Boat Club","MAA-BELL-SYER","N","","","","164","437","364","364",
"1026798","118818","W.MasE.1x","W MasE 1x","","","Thyro Rowing Club","klok","N","","","","0","0","84","672",
"1026884","118818","W.MasE.1x","W MasE 1x","","GLB","Globe Rowing Club","GLB-HILL","N","","","","5","40","4","14",
"1026980","118818","W.MasE.1x","W MasE 1x","","HEN","Henley Rowing Club","HEN-MEHERS","N","","","","84","168","96","96",
"1027023","118818","W.MasE.1x","W MasE 1x","","BEB","Bewl Bridge Rowing Club","BEB-MORRIS","N","","","","21","168","377","377",
"1027259","118818","W.MasE.1x","W MasE 1x","","AKN","Auriol Kensington Rowing Club","AKN-SARGENT","N","","","","13","18","6","16",
"1027263","118818","W.MasE.1x","W MasE 1x","","MAA","Mortlake Anglian & Alpha Boat Club","MAA-DALE","N","","","","29","232","138","138",
"1027313","118818","W.MasE.1x","W MasE 1x","","TSS","Tideway Scullers School","TSS-JARMAN","N","","","","6","44","43","57",
"1027546","118818","W.MasE.1x","W MasE 1x","","CHA","Champion Of The Thames (Cambridge) RC","CHA-MILLS","N","","","","3","22","133","133",
"1027574","118818","W.MasE.1x","W MasE 1x","","TSS","Tideway Scullers School","TSS-FRENCH","N","","","","0","0","11","28",
"1028507","118818","W.MasE.1x","W MasE 1x","","LEA","Lea Rowing Club","LEA-RINGSHAW","N","","","","50","99","83","83",
"1028687","118818","W.MasE.1x","W MasE 1x","","NOR","Norwich Rowing Club","NOR-BARNACLE","N","","","","26","52","81","81",
"1028732","118818","W.MasE.1x","W MasE 1x","","BRX","Broxbourne Rowing Club","BRX-TAYLOR","N","","","","1","8","7","10",
"1029192","118818","W.MasE.1x","W MasE 1x","","PTR","Putney Town Rowing Club","PTR-MORTIMER","N","","","","248","248","27","27",
"1029670","118818","W.MasE.1x","W MasE 1x","","EXE","Exeter Rowing Club Ltd","EXE-WOOD","N","","","","0","0","32","32",
"1027251","118819","W.MasF.1x","W MasF 1x","","TWK","Twickenham Rowing Club","TWK-ALMOND","N","","","","23","92","68","68",
"1028864","118819","W.MasF.1x","W MasF 1x","","ETX","Eton Excelsior Rowing Club","ETX-ARION","N","","","","0","0","65","65",
"1029193","118819","W.MasF.1x","W MasF 1x","","PTR","Putney Town Rowing Club","PTR-STOYEL","N","","","","199","199","16","16",
"1029706","118819","W.MasF.1x","W MasF 1x","","TSS","Tideway Scullers School","TSS-TOFTS","N","","","","60","119","48","77",
"1027284","118820","W.MasG.1x","W MasG 1x","","TSS","Tideway Scullers School","TSS-SIXSMITH","N","","","","0","0","30","40",
"1029301","118820","W.MasG.1x","W MasG 1x","","WBK","Walbrook Rowing Club","WBK-EGGEMAN","N","","","","7","56","8","9",
"1027253","118800","W.Sch/Jun.1x","W Sch/Jun 1x","","SPG","St Pauls Girls School Boat Club","SPG-COWAN","N","","","","418","418","162","185",
"1027254","118800","W.Sch/Jun.1x","W Sch/Jun 1x","","SPG","St Pauls Girls School Boat Club","SPG-DOUSE","N","","","","328","328","113","113",
"1027460","118800","W.Sch/Jun.1x","W Sch/Jun 1x","","TSS","Tideway Scullers School","TSS-LAWRENCE","N","","","","444","444","399","399",
"1027816","118800","W.Sch/Jun.1x","W Sch/Jun 1x","","PHS","Putney High School Rowing Club","PHS-BUTTERWORTH","N","","","","286","286","51","68",
"1028166","118800","W.Sch/Jun.1x","W Sch/Jun 1x","","FUL","Fulham Reach Boat Club","FUL-ALLGAIER","N","","","","0","0","95","152",
"1028167","118800","W.Sch/Jun.1x","W Sch/Jun 1x","","FUL","Fulham Reach Boat Club","FUL-THOMSON","N","","","","0","0","87","232",
"1028225","118800","W.Sch/Jun.1x","W Sch/Jun 1x","","PBD","Poplar Blackwall & District Rowing Club","PBD-STEWART","N","","","","0","0","347","347",
"1028776","118800","W.Sch/Jun.1x","W Sch/Jun 1x","","TRC","Thames Rowing Club","TRC-PRICE","N","","","","34","89","249","249",
"1029251","118800","W.Sch/Jun.1x","W Sch/Jun 1x","","ARD","Ardingly Rowing Club","ARD-WARREN","N","","","","50","400","94","94",
"1029656","118800","W.Sch/Jun.1x","W Sch/Jun 1x","","BRX","Broxbourne Rowing Club","BRX-HODGES","N","","","","0","0","48","48",
"1029658","118800","W.Sch/Jun.1x","W Sch/Jun 1x","","AGE","Agecroft Rowing Club","AGE-DOOLEY","N","","","","0","0","269","269",
"1029696","118800","W.Sch/Jun.1x","W Sch/Jun 1x","","MAV","Maidstone Invicta Rowing Club","MAV-FRIAR","N","","","","5","7","3","7",
"1029798","118800","W.Sch/Jun.1x","W Sch/Jun 1x","","TTR","Thames Tradesmen's Rowing Club","TTR-CAMPBELL","N","","","","173","461","64","73",
"1026883","118796","W.U23.1x","W U23 1x","","TSS","Tideway Scullers School","Wilkinson Feller","N","","","","410","820","322","322",
"1028075","118796","W.U23.1x","W U23 1x","","RDU","Reading University Boat Club","RDU-KNIGHT","N","","","","0","0","494","494",
"1029180","118796","W.U23.1x","W U23 1x","","WRC","Wallingford Rowing Club","WRC-PICKLES","N","","","","235","469","191","509",
"1029730","118796","W.U23.1x","W U23 1x","","IMP","Imperial College Boat Club","IMP-GAY","N","","","","568","568","120","192",
"1029751","118796","W.U23.1x","W U23 1x","","NRC","Nottingham Rowing Club","NRC-STOCKTON","N","","","","0","0","61","61",
"1029757","118796","W.U23.1x","W U23 1x","","IMP","Imperial College Boat Club","IMP-DOYE","N","","","","132","263","203","203",
"1029788","118796","W.U23.1x","W U23 1x","","IMP","Imperial College Boat Club","IMP-KIRKPATRICK","N","","","","525","525","138","138",
