"Crew ID","Crew Name","Custom Crew Number","Custom Crew Name",
"1026673","MAA-RAMSDEN","","",
"1026676","MAA-BELL-SYER","","",
"1026798","klok","","",
"1026819","NST-SILVESTER","","",
"1026820","GLB-NORIEL","","",
"1026827","Mackworth-Praed","","",
"1026828","MHD-FRICKER","","",
"1026829","MHD-STOCKDALE","","",
"1026859","Reynolds","","",
"1026862","TTR-DODD","","",
"1026863","MHD-STEEL","","",
"1026874","tone","","",
"1026881","Terry","","",
"1026883","Wilkinson Feller","","",
"1026884","GLB-HILL","","",
"1026885","Carlton","","",
"1026886","GLB-ASKIN","","",
"1026889","TUN-HALLETT","","",
"1026910","TRC-HARRIS","","",
"1026956","PTR-DISERENS-S","","",
"1026964","MAR-GALBRAITH","","",
"1026966","AKN-MEARING-SMITH","","",
"1026969","CAB-PLUNKETT","","",
"1026979","MAR-LANDERS","","",
"1026980","HEN-MEHERS","","",
"1026984","TRC-MCCONNELL","","",
"1026986","TRC-HOIER","","",
"1026987","TRC-RYAN","","",
"1026988","TRC-LEE","","",
"1026990","NWK-PRICE","","",
"1026997","LDR-KIRKWOOD","","",
"1027002","LEA-SNAITH","","",
"1027007","ETX-MILNE","","",
"1027008","ETX-LEN","","",
"1027009","ETX-FULTON","","",
"1027010","ETX-SIMPSON","","",
"1027012","TSS-RAWLINS","","",
"1027016","QBC-HARRISON","","",
"1027017","QBC-BISHOP","","",
"1027018","QBC-AQUILINA","","",
"1027021","QBC-BISHOP","","",
"1027023","BEB-MORRIS","","",
"1027024","BEB-MORRIS J","","",
"1027041","WYC-PAYNE","","",
"1027048","MED-BLAIR","","",
"1027053","BEB-MAUNSELL","","",
"1027054","Belfast Boat Club","","",
"1027055","TKC-KEANE","","",
"1027057","MON-BUTLER","","",
"1027065","TSS-POTTER","","",
"1027080","TSS-WAGSTAFF","","",
"1027081","TSS-REISER","","",
"1027082","TSS-NORGATE","","",
"1027083","BBL-POWELL","","",
"1027084","BBL-BALDWIN","","",
"1027099","Matt Farley","","",
"1027101","J Farrell","","",
"1027135","HEN-HILLYARD","","",
"1027138","Ferlez","","",
"1027143","CAB-ADAMS","","",
"1027155","Tim Ellis","","",
"1027156","TRC-YATES","","",
"1027157","TRC-ANDREESEN","","",
"1027158","TRC-GARNER","","",
"1027159","TRC-WATKISS","","",
"1027162","MAR-GARNETT","","",
"1027163","LER-SMITH","","",
"1027235","BIR-BYFORD","","",
"1027244","WLT-JACKSON","","",
"1027245","WLT-BISHOP","","",
"1027246","WLT-KNILL","","",
"1027247","MAR-DRISCOLL","","",
"1027248","MAR-PICKIN","","",
"1027250","TWK-FADLON","","",
"1027251","TWK-ALMOND","","",
"1027253","SPG-COWAN","","",
"1027254","SPG-DOUSE","","",
"1027255","SPG-NOADES","","",
"1027256","SPG-STUART-SMITH","","",
"1027257","SPG-STRONG","","",
"1027259","AKN-SARGENT","","",
"1027260","AKN-CANN","","",
"1027261","AKN-WALKER","","",
"1027263","MAA-DALE","","",
"1027265","QBC-O'BRIEN","","",
"1027268","QBC-BROWN","","",
"1027278","FSC-FERRIS","","",
"1027280","Wooller","","",
"1027281","QBC-ALMAND","","",
"1027283","TSS-HICKMOTT","","",
"1027284","TSS-SIXSMITH","","",
"1027287","QBC-MEANEY","","",
"1027298","GLR-RODFORD","","",
"1027313","TSS-JARMAN","","",
"1027316","RDG-PEACOCK","","",
"1027317","UTC-CARTER","","",
"1027318","MAA-POTTS","","",
"1027333","BEB-JAHNICH","","",
"1027342","WES-COWLING","","",
"1027344","WES-SWANN","","",
"1027345","WES-MIDDLETON","","",
"1027349","WES-DEETMAN","","",
"1027351","WES-BARROW","","",
"1027353","WES-CROSBIE","","",
"1027354","WES-WICKHAM","","",
"1027355","WES-STEVENSON","","",
"1027358","WES-STEVENSON-2","","",
"1027360","WES-HADAD","","",
"1027361","WES-SAWHNEY","","",
"1027362","WES-BANNISTER","","",
"1027367","TSS-JOSS","","",
"1027368","TSS-JONAS","","",
"1027369","TSS-DE ST CROIX","","",
"1027370","TSS-LEWIS","","",
"1027396","WRC-MORRIS","","",
"1027397","WRC-PARRY","","",
"1027460","TSS-LAWRENCE","","",
"1027461","TSS-GOODALL","","",
"1027462","TSS-O'KEEFFE","","",
"1027463","TSS-SUPPLE","","",
"1027464","TSS-LACK","","",
"1027465","TSS-MAVRA","","",
"1027473","EXE-SHEPHERD","","",
"1027475","MAR-PARSONS","","",
