"CrewID","EventID","Event Identity","Event Override Name","Division Assigned","Submitting Club Index","Submitting Club","Crew Name","Composite","CompositeCode","CrewLetter","CompetitionNotes","Rowing CRI","Rowing CRI Max","Sculling CRI","Sculling CRI Max",
"1026956","118791","1x","Op 1x","","PTR","Putney Town Rowing Club","PTR-DISERENS-S","N","","","","335","335","197","262",
"1026986","118791","1x","Op 1x","","TRC","Thames Rowing Club","TRC-HOIER","N","","","","105","210","28","224",
"1026997","118791","1x","Op 1x","","LDR","Leander Club","LDR-KIRKWOOD","N","","A","","1","4","145","578",
"1027007","118791","1x","Op 1x","","ETX","Eton Excelsior Rowing Club","ETX-MILNE","N","","","","28","224","14","27",
"1027048","118791","1x","Op 1x","","MED","Medway Towns Rowing Club","MED-BLAIR","N","","","","2","16","30","60",
"1027099","118791","1x","Op 1x","","BED","Bedford Rowing Club","Matt Farley","N","","M","","47","47","236","236",
"1027143","118791","1x","Op 1x","","CAB","Cantabrigian Rowing Club","CAB-ADAMS","N","","","","200","320","138","158",
"1027235","118791","1x","Op 1x","","BIR","Birmingham Rowing Club","BIR-BYFORD","N","","","","0","0","404","404",
"1027246","118791","1x","Op 1x","","WLT","Walton Rowing Club","WLT-KNILL","N","","","","0","0","0","0",
"1027265","118791","1x","Op 1x","","QBC","Quintin Boat Club","QBC-O'BRIEN","N","","","","2","12","97","154",
"1027268","118791","1x","Op 1x","","QBC","Quintin Boat Club","QBC-BROWN","N","","","","209","209","27","71",
"1027280","118791","1x","Op 1x","","TWK","Twickenham Rowing Club","Wooller","N","","","","7","54","42","67",
"1027473","118791","1x","Op 1x","","EXE","Exeter Rowing Club Ltd","EXE-SHEPHERD","N","","","","9","36","84","222",
"1027355","118799","J16.1x","Op J16 1x","","WES","Westminster School Boat Club","WES-STEVENSON","N","","","","151","302","100","133",
"1027358","118799","J16.1x","Op J16 1x","","WES","Westminster School Boat Club","WES-STEVENSON-2","N","","","","151","302","94","150",
"1027360","118799","J16.1x","Op J16 1x","","WES","Westminster School Boat Club","WES-HADAD","N","","","","151","302","40","53",
"1027361","118799","J16.1x","Op J16 1x","","WES","Westminster School Boat Club","WES-SAWHNEY","N","","","","151","302","90","180",
"1027362","118799","J16.1x","Op J16 1x","","WES","Westminster School Boat Club","WES-BANNISTER","N","","","","151","302","136","217",
"1027369","118799","J16.1x","Op J16 1x","","TSS","Tideway Scullers School","TSS-DE ST CROIX","N","","","","0","0","161","161",
"1027353","118798","J17.1x","Op J17 1x","","WES","Westminster School Boat Club","WES-CROSBIE","N","","","","386","386","63","168",
"1027354","118798","J17.1x","Op J17 1x","","WES","Westminster School Boat Club","WES-WICKHAM","N","","","","386","386","26","69",
"1027368","118798","J17.1x","Op J17 1x","","TSS","Tideway Scullers School","TSS-JONAS","N","","","","11","86","269","269",
"1026820","118792","Lwt.1x","Op Lwt 1x","","GLB","Globe Rowing Club","GLB-NORIEL","N","","","","49","98","69","69",
"1026966","118803","MasA.1x","Op MasA 1x","","AKN","Auriol Kensington Rowing Club","AKN-MEARING-SMITH","N","","","","312","312","74","295",
"1026987","118803","MasA.1x","Op MasA 1x","","TRC","Thames Rowing Club","TRC-RYAN","N","","","","144","230","75","299",
"1026988","118803","MasA.1x","Op MasA 1x","","TRC","Thames Rowing Club","TRC-LEE","N","","","","79","90","86","115",
"1027298","118803","MasA.1x","Op MasA 1x","","GLR","Gloucester Rowing Club","GLR-RODFORD","N","","","","8","64","118","235",
"1027317","118803","MasA.1x","Op MasA 1x","","UTC","Upper Thames Rowing Club","UTC-CARTER","N","","","","50","198","332","332",
"1026862","118804","MasB.1x","Op MasB 1x","","TTR","Thames Tradesmen's Rowing Club","TTR-DODD","N","","","","88","176","78","78",
"1026886","118804","MasB.1x","Op MasB 1x","","GLB","Globe Rowing Club","GLB-ASKIN","N","","","","20","160","62","62",
"1027055","118804","MasB.1x","Op MasB 1x","","TKC","Team Keane Sculling School","TKC-KEANE","N","","A","","0","0","310","310",
"1027057","118804","MasB.1x","Op MasB 1x","","MON","Monmouth Rowing Club","MON-BUTLER","N","","","","262","262","160","160",
"1027135","118804","MasB.1x","Op MasB 1x","","HEN","Henley Rowing Club","HEN-HILLYARD","N","","","","0","0","27","214",
"1027156","118804","MasB.1x","Op MasB 1x","","TRC","Thames Rowing Club","TRC-YATES","N","","A","","177","708","19","49",
"1027163","118804","MasB.1x","Op MasB 1x","","LER","Leicester Rowing Club","LER-SMITH","N","","","","0","0","337","337",
"1027316","118804","MasB.1x","Op MasB 1x","","RDG","Reading Rowing Club","RDG-PEACOCK","N","","","","0","0","36","140",
"1026819","118805","MasC.1x","Op MasC 1x","","NST","North Staffordshire Rowing Club","NST-SILVESTER","N","","","","0","0","101","101",
"1026827","118805","MasC.1x","Op MasC 1x","","AKN","Auriol Kensington Rowing Club","Mackworth-Praed","N","","","","0","0","462","528",
"1026859","118805","MasC.1x","Op MasC 1x","","TTR","Thames Tradesmen's Rowing Club","Reynolds","N","","","","0","0","0","0",
"1027157","118805","MasC.1x","Op MasC 1x","","TRC","Thames Rowing Club","TRC-ANDREESEN","N","","","","49","196","0","0",
"1027162","118805","MasC.1x","Op MasC 1x","","MAR","Marlow Rowing Club","MAR-GARNETT","N","","","","55","88","0","0",
"1026829","118806","MasD.1x","Op MasD 1x","","MHD","Maidenhead Rowing Club","MHD-STOCKDALE","N","","","","1","8","1","8",
"1026863","118806","MasD.1x","Op MasD 1x","","MHD","Maidenhead Rowing Club","MHD-STEEL","N","","","","180","360","76","76",
"1027008","118806","MasD.1x","Op MasD 1x","","ETX","Eton Excelsior Rowing Club","ETX-LEN","N","","","","28","112","48","48",
"1027009","118806","MasD.1x","Op MasD 1x","","ETX","Eton Excelsior Rowing Club","ETX-FULTON","N","","","","0","0","21","28",
"1027155","118806","MasD.1x","Op MasD 1x","","RAF","Royal Air Force Rowing Club","Tim Ellis","N","","","","0","0","169","169",
"1027261","118806","MasD.1x","Op MasD 1x","","AKN","Auriol Kensington Rowing Club","AKN-WALKER","N","","","","0","0","2","14",
"1027281","118806","MasD.1x","Op MasD 1x","","QBC","Quintin Boat Club","QBC-ALMAND","N","","","","38","304","26","104",
"1027333","118806","MasD.1x","Op MasD 1x","","BEB","Bewl Bridge Rowing Club","BEB-JAHNICH","N","","","","72","576","271","271",
"1026874","118807","MasE.1x","Op MasE 1x","","WYC","Wycliffe College Boat Club","tone","N","","","","0","0","84","84",
"1026964","118807","MasE.1x","Op MasE 1x","","MAR","Marlow Rowing Club","MAR-GALBRAITH","N","","","","72","83","1","8",
"1026979","118807","MasE.1x","Op MasE 1x","","MAR","Marlow Rowing Club","MAR-LANDERS","N","","","","43","43","0","0",
"1026984","118807","MasE.1x","Op MasE 1x","","TRC","Thames Rowing Club","TRC-MCCONNELL","N","","","","29","232","0","0",
"1026990","118807","MasE.1x","Op MasE 1x","","NWK","Newark Rowing Club","NWK-PRICE","N","","","","146","146","238","238",
"1027018","118807","MasE.1x","Op MasE 1x","","QBC","Quintin Boat Club","QBC-AQUILINA","N","","","","481","550","138","184",
"1027024","118807","MasE.1x","Op MasE 1x","","BEB","Bewl Bridge Rowing Club","BEB-MORRIS J","N","","","","72","576","189","189",
"1027053","118807","MasE.1x","Op MasE 1x","","BEB","Bewl Bridge Rowing Club","BEB-MAUNSELL","N","","","","72","576","115","115",
"1027475","118807","MasE.1x","Op MasE 1x","","MAR","Marlow Rowing Club","MAR-PARSONS","N","","","","106","106","8","20",
"1026828","118808","MasF.1x","Op MasF 1x","","MHD","Maidenhead Rowing Club","MHD-FRICKER","N","","","","6","22","22","58",
"1027016","118808","MasF.1x","Op MasF 1x","","QBC","Quintin Boat Club","QBC-HARRISON","N","","","","132","352","177","283",
"1027101","118808","MasF.1x","Op MasF 1x","","SNE","St Neots Rowing Club","J Farrell","N","","O","","9","36","24","39",
"1027159","118808","MasF.1x","Op MasF 1x","","TRC","Thames Rowing Club","TRC-WATKISS","N","","","","150","172","8","21",
"1027245","118808","MasF.1x","Op MasF 1x","","WLT","Walton Rowing Club","WLT-BISHOP","N","","","","0","0","100","159",
"1027247","118808","MasF.1x","Op MasF 1x","","MAR","Marlow Rowing Club","MAR-DRISCOLL","N","","","","69","69","0","0",
"1027248","118808","MasF.1x","Op MasF 1x","","MAR","Marlow Rowing Club","MAR-PICKIN","N","","","","2","6","34","67",
"1027278","118808","MasF.1x","Op MasF 1x","","FSC","Furnivall Sculling Club","FSC-FERRIS","N","","","","110","293","0","0",
"1027287","118808","MasF.1x","Op MasF 1x","","QBC","Quintin Boat Club","QBC-MEANEY","N","","","","200","267","3","24",
"1027318","118808","MasF.1x","Op MasF 1x","","MAA","Mortlake Anglian & Alpha Boat Club","MAA-POTTS","N","","","","0","0","85","113",
"1027054","118809","MasG.1x","Op MasG 1x","","ZBF","Belfast Boat Club","Belfast Boat Club","N","","Z","","32","128","2","16",
"1027021","118810","MasH.1x","Op MasH 1x","","QBC","Quintin Boat Club","QBC-BISHOP","N","","","","53","211","54","107",
"1027158","118810","MasH.1x","Op MasH 1x","","TRC","Thames Rowing Club","TRC-GARNER","N","","","","0","0","0","0",
"1027396","118810","MasH.1x","Op MasH 1x","","WRC","Wallingford Rowing Club","WRC-MORRIS","N","","","","0","0","0","0",
"1027397","118810","MasH.1x","Op MasH 1x","","WRC","Wallingford Rowing Club","WRC-PARRY","N","","","","56","222","125","143",
"1027342","118797","Sch/Jun.1x","Op Sch/Jun 1x","","WES","Westminster School Boat Club","WES-COWLING","N","","","","362","414","264","264",
"1027344","118797","Sch/Jun.1x","Op Sch/Jun 1x","","WES","Westminster School Boat Club","WES-SWANN","N","","","","426","426","195","195",
"1027345","118797","Sch/Jun.1x","Op Sch/Jun 1x","","WES","Westminster School Boat Club","WES-MIDDLETON","N","","","","209","334","318","318",
"1027349","118797","Sch/Jun.1x","Op Sch/Jun 1x","","WES","Westminster School Boat Club","WES-DEETMAN","N","","","","179","286","301","301",
"1027351","118797","Sch/Jun.1x","Op Sch/Jun 1x","","WES","Westminster School Boat Club","WES-BARROW","N","","","","137","364","207","414",
"1027367","118797","Sch/Jun.1x","Op Sch/Jun 1x","","TSS","Tideway Scullers School","TSS-JOSS","N","","","","231","231","519","519",
"1027370","118797","Sch/Jun.1x","Op Sch/Jun 1x","","TSS","Tideway Scullers School","TSS-LEWIS","N","","","","2","16","89","89",
"1026881","118794","W.1x","W 1x","","TSS","Tideway Scullers School","Terry","N","","","","679","679","0","0",
"1027012","118794","W.1x","W 1x","","TSS","Tideway Scullers School","TSS-RAWLINS","N","","","","277","1108","64","86",
"1027081","118794","W.1x","W 1x","","TSS","Tideway Scullers School","TSS-REISER","N","","","","556","556","139","277",
"1027260","118794","W.1x","W 1x","","AKN","Auriol Kensington Rowing Club","AKN-CANN","N","","","","6","44","0","0",
"1027256","118802","W.J16.1x","W J16 1x","","SPG","St Pauls Girls School Boat Club","SPG-STUART-SMITH","N","","","","0","0","4","16",
"1027464","118802","W.J16.1x","W J16 1x","","TSS","Tideway Scullers School","TSS-LACK","N","","","","148","592","143","143",
"1027465","118802","W.J16.1x","W J16 1x","","TSS","Tideway Scullers School","TSS-MAVRA","N","","","","78","156","94","94",
"1027255","118801","W.J17.1x","W J17 1x","","SPG","St Pauls Girls School Boat Club","SPG-NOADES","N","","","","37","99","78","311",
"1027257","118801","W.J17.1x","W J17 1x","","SPG","St Pauls Girls School Boat Club","SPG-STRONG","N","","","","132","151","37","74",
"1027461","118801","W.J17.1x","W J17 1x","","TSS","Tideway Scullers School","TSS-GOODALL","N","","","","188","188","87","87",
"1027462","118801","W.J17.1x","W J17 1x","","TSS","Tideway Scullers School","TSS-O'KEEFFE","N","","","","0","0","0","0",
"1027463","118801","W.J17.1x","W J17 1x","","TSS","Tideway Scullers School","TSS-SUPPLE","N","","","","60","120","258","258",
"1026885","118795","W.Lwt.1x","W Lwt 1x","","TSS","Tideway Scullers School","Carlton","N","","","","293","782","264","352",
"1026889","118795","W.Lwt.1x","W Lwt 1x","","TUN","Taunton Rowing Club","TUN-HALLETT","N","","","","0","0","54","54",
"1026969","118795","W.Lwt.1x","W Lwt 1x","","CAB","Cantabrigian Rowing Club","CAB-PLUNKETT","N","","","","51","59","129","129",
"1027065","118795","W.Lwt.1x","W Lwt 1x","","TSS","Tideway Scullers School","TSS-POTTER","N","","","","531","531","179","476",
"1027080","118795","W.Lwt.1x","W Lwt 1x","","TSS","Tideway Scullers School","TSS-WAGSTAFF","N","","","","426","568","11","86",
"1027082","118814","W.MasA.1x","W MasA 1x","","TSS","Tideway Scullers School","TSS-NORGATE","N","","","","199","228","84","223",
"1027138","118814","W.MasA.1x","W MasA 1x","","WEY","Weybridge Rowing Club","Ferlez","N","","","","87","174","98","98",
"1026910","118815","W.MasB.1x","W MasB 1x","","TRC","Thames Rowing Club","TRC-HARRIS","N","","","","234","624","19","76",
"1027084","118815","W.MasB.1x","W MasB 1x","","BBL","Barnes Bridge Ladies Rowing Club","BBL-BALDWIN","N","","","","184","491","106","141",
"1027244","118815","W.MasB.1x","W MasB 1x","","WLT","Walton Rowing Club","WLT-JACKSON","N","","","","114","912","252","252",
"1026673","118816","W.MasC.1x","W MasC 1x","","MAA","Mortlake Anglian & Alpha Boat Club","MAA-RAMSDEN","N","","","","219","583","236","236",
"1027010","118816","W.MasC.1x","W MasC 1x","","ETX","Eton Excelsior Rowing Club","ETX-SIMPSON","N","","","","40","105","6","23",
"1027083","118816","W.MasC.1x","W MasC 1x","","BBL","Barnes Bridge Ladies Rowing Club","BBL-POWELL","N","","","","136","544","29","58",
"1027002","118817","W.MasD.1x","W MasD 1x","","LEA","Lea Rowing Club","LEA-SNAITH","N","","","","349","349","0","0",
"1027250","118817","W.MasD.1x","W MasD 1x","","TWK","Twickenham Rowing Club","TWK-FADLON","N","","","","23","92","56","56",
"1027283","118817","W.MasD.1x","W MasD 1x","","TSS","Tideway Scullers School","TSS-HICKMOTT","N","","","","0","0","81","93",
"1026676","118818","W.MasE.1x","W MasE 1x","","MAA","Mortlake Anglian & Alpha Boat Club","MAA-BELL-SYER","N","","","","164","437","162","162",
"1026798","118818","W.MasE.1x","W MasE 1x","","","Thyro Rowing Club","klok","N","","","","0","0","0","0",
"1026884","118818","W.MasE.1x","W MasE 1x","","GLB","Globe Rowing Club","GLB-HILL","N","","","","5","40","3","20",
"1026980","118818","W.MasE.1x","W MasE 1x","","HEN","Henley Rowing Club","HEN-MEHERS","N","","","","82","219","39","39",
"1027023","118818","W.MasE.1x","W MasE 1x","","BEB","Bewl Bridge Rowing Club","BEB-MORRIS","N","","","","21","168","231","231",
"1027041","118818","W.MasE.1x","W MasE 1x","","WYC","Wycliffe College Boat Club","WYC-PAYNE","N","","","","0","0","92","92",
"1027259","118818","W.MasE.1x","W MasE 1x","","AKN","Auriol Kensington Rowing Club","AKN-SARGENT","N","","","","13","18","3","24",
"1027263","118818","W.MasE.1x","W MasE 1x","","MAA","Mortlake Anglian & Alpha Boat Club","MAA-DALE","N","","","","29","232","73","73",
"1027313","118818","W.MasE.1x","W MasE 1x","","TSS","Tideway Scullers School","TSS-JARMAN","N","","","","6","44","23","36",
"1027251","118819","W.MasF.1x","W MasF 1x","","TWK","Twickenham Rowing Club","TWK-ALMOND","N","","","","23","92","45","45",
"1027284","118820","W.MasG.1x","W MasG 1x","","TSS","Tideway Scullers School","TSS-SIXSMITH","N","","","","0","0","14","21",
"1027253","118800","W.Sch/Jun.1x","W Sch/Jun 1x","","SPG","St Pauls Girls School Boat Club","SPG-COWAN","N","","","","405","405","142","227",
"1027254","118800","W.Sch/Jun.1x","W Sch/Jun 1x","","SPG","St Pauls Girls School Boat Club","SPG-DOUSE","N","","","","311","311","101","101",
"1027460","118800","W.Sch/Jun.1x","W Sch/Jun 1x","","TSS","Tideway Scullers School","TSS-LAWRENCE","N","","","","437","437","273","273",
"1026883","118796","W.U23.1x","W U23 1x","","TSS","Tideway Scullers School","Wilkinson Feller","N","","","","410","820","179","205",
