"Club Name","Club Abbreviation","Club Code","Entries Secretary Name","Entries Secretary Email","Entries Secretary Home Phone","Entries Secretary Mobile Phone","Club Secretary Name","Club Secretary Email","Club Secretary Home Phone","ClubSecretary Mobile Phone","Colours","Blades","BladeImage",
"Auriol Kensington Rowing Club","Auriol Kensington","AKN","Tamara Zwaagstra","tamarazwaagstra@yahoo.co.uk","","07964138581","Kate Pankhurst - Club Secretary","Secretary@akrowing.com","","","Pink & Green","Pink & Green","https://clubimages.britishrowing.org/blades?id=675",
"Barnes Bridge Ladies Rowing Club","Barnes Bridge Ladies","BBL","Sian Kunert","sian_kunert@hotmail.co.uk","","07825545311","","","","","White with Blue ","Blue & White","https://clubimages.britishrowing.org/blades?id=289",
"Bedford Rowing Club","Bedford RC","BED","W A H EVERITT","will@bedfordrowing.co.uk","","07739 287861","Roger Stokes","secretary@bedfordrowing.co.uk","01234 353183","","Navy Blue, Maroon & White","Maroon, White & Blue","https://clubimages.britishrowing.org/blades?id=416",
"Belfast Boat Club","Belfast BC","ZBF","A J CLAYTON","alic2@waitrose.com","07740477471","07740477471","","","","","","","https://clubimages.britishrowing.org/blades?id=1242",
"Bewl Bridge Rowing Club","Bewl Bridge","BEB","","","","","Robert Purves","secretary@bewlrowingclub.co.uk","","07771901894","Dark Green & White","Dark Green & White","https://clubimages.britishrowing.org/blades?id=539",
"Birmingham Rowing Club","Birmingham RC","BIR","C ANTON","C.ANTON@BLUEYONDER.CO.UK","0121 686 9304","07966 166602*","Christopher Anton","c.anton@blueyonder.co.uk","","07966 166602","Oxford Blue with White Hoop","White with Dark Blue Collar & Triangle at Tip","https://clubimages.britishrowing.org/blades?id=395",
"Cantabrigian Rowing Club","Cantabrigian","CAB","Phil Gunning","pjgunning@btinternet.com","","07912582147","G Cooper","secretary@cantabsrowing.org.uk","","07803504372","White Trimmed Blue","Dark Blue & Silver","https://clubimages.britishrowing.org/blades?id=611",
"Eton Excelsior Rowing Club","Eton Excelsior","ETX","A HORN","dor@etonexcelsiorrowingclub.org","01753869172","07973514420","Sarah Docherty","sjdoc01@btinternet.com","","","Blue with Amber ","Blue and Amber ","https://clubimages.britishrowing.org/blades?id=269",
"Globe Rowing Club","Globe","GLB","Svenja Feix","svenja.feix@globerowingclub.co.uk","","","Sam Harrison","clubsecretary@globerowingclub.co.uk","","","White with Dark Blue Diagonal Stripe","Dark Blue with White Diagonal Stripe","https://clubimages.britishrowing.org/blades?id=299",
"Henley Rowing Club","Henley RC","HEN","C BOOTHROYD","chrisboothroyd@btinternet.com","0118 972 4042","07816 514013","Margaret  Hall","secretary@henleyrowingclub.org","","07852562559","Men-White Trimmed Blue: Women-Dark Blue Trimmed White","Dark Blue with White Collar","https://clubimages.britishrowing.org/blades?id=627",
"Lea Rowing Club","Lea RC","LEA","S LAWRENCE","sally.lawrence@btinternet.com","","07740861313","","secretary@learc.org.uk","020 8806 8282*","","Orange","Orange","https://clubimages.britishrowing.org/blades?id=537",
"Leander Club","Leander","LDR","Ross Hunter","rowing@leander.co.uk","01491575782","","MANAGER","membership@leander.co.uk","01491 575 782","","Cerise","Cerise","https://clubimages.britishrowing.org/blades?id=628",
"Leicester Rowing Club","Leicester RC","LER","Emily Hall","regatta@leicester-rowing.co.uk","0116 2543203","07790 470433","Anne Hock","secretary@leicester-rowing.co.uk","","","White with Black Stripe & Trim","Black & White","https://clubimages.britishrowing.org/blades?id=380",
"Maidenhead Rowing Club","Maidenhead RC","MHD","Jim Hotchin","jim.hotchin@btopenworld.com","","","Jim Hotchin - Captain","jim.hotchin@btopenworld.com","07802 366553","","Dark Green, Sides Trimmed White, Black","Brunswick Green with Green Star in White Circle","https://clubimages.britishrowing.org/blades?id=629",
"Marlow Rowing Club","Marlow RC","MAR","Jonathan Walne","captain@marlowrowingclub.org.uk","","","Helen Essa","secretary@marlowrowingclub.org.uk","","07787 502602","White Trimmed Cardinal","Cardinal & White","https://clubimages.britishrowing.org/blades?id=488",
"Medway Towns Rowing Club","Medway Towns RC","MED","Douglas Kergall","dkergall@hotmail.co.uk","07824887835","","Julie Philpott","Juliephilpott@btinternet.com","","","White with Red/Amber/Red Hoops","Red with Amber Stripe & White Motif","https://clubimages.britishrowing.org/blades?id=546",
"Monmouth Rowing Club","Monmouth RC","MON","Mr Eric Froggatt","ericandlisa@madasafish.com","01600 772799","07810 483 466","S MONMOUTH RC","","01600 714488","","Claret & Silver","","https://clubimages.britishrowing.org/blades?id=896",
"Mortlake Anglian & Alpha Boat Club","Mortlake A & A","MAA","Nicola Dale","nicoladale2014@gmail.com","","07894078790","N F DURKIN","noel.durkin@btinternet.com","020 8 878 1348","NA","Black with White/Red Side Stripes","Red/White/Black Diagonal Bands","https://clubimages.britishrowing.org/blades?id=635",
"Newark Rowing Club","Newark RC","NWK","Mrs K Thomas","prometheus183@btinternet.com","01636 673647","0777 3603343","Simon Edmondson","si_ed99@hotmail.com","","07971 669 997","White Trimmed Colours","Cardinal with Navy Blue Tip & Collar","https://clubimages.britishrowing.org/blades?id=383",
"North Staffordshire Rowing Club","North Staffs","NST","","","","","David Cook","dje_and_h_cook@btinternet.com","01625 266213","07972617692","Emerald Green with Two Yellow Stripes and Emblem","Green with Yellow tip","https://clubimages.britishrowing.org/blades?id=597",
"Putney Town Rowing Club","Putney Town RC","PTR","Peter Jones","captain@putneytownrc.co.uk","","07809 773647"," SECRETARY","","020 8948 3375","","Dark Blue Trimmed White","Dark Blue with White Bar","https://clubimages.britishrowing.org/blades?id=636",
"Quintin Boat Club","Quintin BC","QBC","Geoff Peel","entries@quintinboatclub.org","","07887 796399","Malcolm Cook","secretary@quintinboatclub.org","020 8658 0908","","Dark Blue with 2 White Diagonal Hoops","Dark Blue with 2 White Diagonal Bars","https://clubimages.britishrowing.org/blades?id=637",
"Royal Air Force Rowing Club","RAF","RAF","Jason Rowell","racy31@btinternet.com","","","Hannah Read","hglewin23@gmail.com","02088426240","07857308996","Sky Blue and Navy","Sky Blue with Roundel","https://clubimages.britishrowing.org/blades?id=607",
"St Neots Rowing Club","St Neots RC","SNE","Stuart Williams","","",""," SECRETARY","secretary@stneotsrc.co.uk","01480472302","","Light Blue with Dark Blue Hoop","Light Blue with Dark Blue Bar","https://clubimages.britishrowing.org/blades?id=426",
"Taunton Rowing Club","Taunton","TUN","ANN HALLETT","ann.hallett3@gmail.com","","07531078895","Ian Payne -Development Officer","Iwphalse@talktalk.net","01823432724","07899034381","Royal Blue/Navy","Royal Blue","https://clubimages.britishrowing.org/blades?id=1827",
"Team Keane Sculling School","Team Keane","TKC","Miranda Keane","Admin@teamkeane.com","+447989535720","+447989535720","Miranda Keane","admin@teamkeane.com","+447989535720","07989535720","Black/Purple/White","Black with White K","https://clubimages.britishrowing.org/blades?id=1953",
"Thames Rowing Club","Thames RC","TRC","Philip Lee","philipmichaellee@hotmail.com",""," ","Joanne Harris","secretary@thamesrc.co.uk","","","Black with Red, White & Black","Black with Red, White & Black Bars","https://clubimages.britishrowing.org/blades?id=531",
"Thames Tradesmen's Rowing Club","Thames Tradesmen","TTR","Paul Arnold","Paul_arnold@me.com","","07768 775988","Paul Arnold","paul_arnold@me.com","07768 775988","07768 775988","White, Claret & Green on Black","Claret & Green on White","https://clubimages.britishrowing.org/blades?id=257",
"Thyro Rowing Club","Thyro RC","","","","","","","","","","","","https://clubimages.britishrowing.org/blades?id=1721",
"Tideway Scullers School","Tideway Scullers Sch","TSS","Zoe Gullen","boating@tidewayscullers.com","","","Edward Beckett","secretary@tidewayscullers.com","","07795 570 632","Red & Yellow Bars","Red & Yellow Diagonally","https://clubimages.britishrowing.org/blades?id=258",
"Weybridge Rowing Club","Weybridge RC","WEY","Eva Ferlez","entries@weybridgerowing.org.uk","","","Anne Morris","secretary@weybridgerowing.org.uk","01932 244834","07845 192711","Dark Blue with Light Blue Side Stripe & Crest","Light Blue with Dark Blue Chevrons","https://clubimages.britishrowing.org/blades?id=325",
"Wycliffe College Boat Club","Wycliffe Coll","WYC","G Flower","greg.flower@yahoo.com","","07875693393","Greg Flower","greg.flower@wycliffe.co.uk","","07875 693393","Purple and Black","Purple with Grey Chevron","https://clubimages.britishrowing.org/blades?id=571",
